[22Sep2026 20:38:54.574] [main/INFO] [cpw.mods.modlauncher.Launcher/MODLAUNCHER]: ModLauncher running: args [--username, ladno0441, --version, 1.21.1, --gameDir, D:/MINECRAFT/instances/aeronautica 6.0/minecraft, --assetsDir, C:/Users/porhohub/AppData/Roaming/PrismLauncher/assets, --assetIndex, 17, --uuid, 0159434edc3037f589537b7feba48ada, --accessToken, ❄❄❄❄❄❄❄❄, --userType, offline, --versionType, release, --fml.neoForgeVersion, 21.1.251, --fml.fmlVersion, 4.0.44, --fml.mcVersion, 1.21.1, --fml.neoFormVersion, 20240808.144430, --launchTarget, forgeclient, --width, 854, --height, 480]
[22Sep2026 20:38:54.578] [main/INFO] [cpw.mods.modlauncher.Launcher/MODLAUNCHER]: JVM identified as Microsoft OpenJDK 64-Bit Server VM 21.0.7+6-LTS
[22Sep2026 20:38:54.580] [main/INFO] [cpw.mods.modlauncher.Launcher/MODLAUNCHER]: ModLauncher 11.0.5+main.901c6ea8 starting: java version 21.0.7 by Microsoft; OS Windows 10 arch amd64 version 10.0
[22Sep2026 20:38:55.947] [main/INFO] [Sodium-GraphicsAdapterProbe/]: Searching for graphics cards...
[22Sep2026 20:38:56.005] [main/INFO] [Sodium-GraphicsAdapterProbe/]: Found graphics adapter: AdapterInfo{vendor=AMD, description='Radeon (TM) RX 480 Graphics', adapterType=0x0000030B, openglIcdFilePath='C:\Windows\System32\DriverStore\FileRepository\u0197843.inf_amd64_82ec9e2b79afe28f\B025592\atig6pxx.dll', openglIcdVersion=31.0.21924.61}
[22Sep2026 20:38:56.009] [main/WARN] [Sodium-Workarounds/]: Sodium has applied one or more workarounds to prevent crashes or other issues on your system: [AMD_GAME_OPTIMIZATION_BROKEN]
[22Sep2026 20:38:56.009] [main/WARN] [Sodium-Workarounds/]: This is not necessarily an issue, but it may result in certain features or optimizations being disabled. You can sometimes fix these issues by upgrading your graphics driver.
[22Sep2026 20:38:56.009] [main/INFO] [Sodium-AmdWorkarounds/]: Modifying process environment to apply workarounds for the AMD graphics driver...
[22Sep2026 20:38:56.011] [main/INFO] [net.neoforged.fml.loading.ImmediateWindowHandler/]: Loading ImmediateWindowProvider fmlearlywindow
[22Sep2026 20:38:56.045] [main/INFO] [EARLYDISPLAY/]: Trying GL version 4.6
[22Sep2026 20:38:57.444] [main/INFO] [EARLYDISPLAY/]: Requested GL version 4.6 got version 4.6
[22Sep2026 20:38:57.517] [main/INFO] [mixin/]: SpongePowered MIXIN Subsystem Version=0.8.7 Source=union:/C:/Users/porhohub/AppData/Roaming/PrismLauncher/libraries/net/fabricmc/sponge-mixin/0.15.2+mixin.0.8.7/sponge-mixin-0.15.2+mixin.0.8.7.jar%23175!/ Service=ModLauncher Env=CLIENT
[22Sep2026 20:38:57.670] [pool-2-thread-1/INFO] [EARLYDISPLAY/]: GL info: Radeon (TM) RX 480 Graphics GL version 4.6.0 Core Profile Context 26.1.1.251211, ATI Technologies Inc.
[22Sep2026 20:38:57.715] [main/INFO] [net.neoforged.fml.loading.moddiscovery.ModDiscoverer/SCAN]: Found mod file "client-1.21.1-20240808.144430-srg.jar" [locator: production client provider +net.neoforged:neoforge:21.1.251:client]
[22Sep2026 20:38:57.749] [main/INFO] [net.neoforged.fml.loading.moddiscovery.ModDiscoverer/SCAN]: Found mod file "neoforge-21.1.251-universal.jar" [locator: PathBasedLocator[name=neoforge, paths=[C:\Users\porhohub\AppData\Roaming\PrismLauncher\libraries\net\neoforged\neoforge\21.1.251\neoforge-21.1.251-universal.jar]], reader: mod manifest]
[22Sep2026 20:38:57.771] [main/INFO] [net.neoforged.fml.loading.moddiscovery.ModDiscoverer/SCAN]: Found mod file "net.caffeinemc.sodium-neoforge-0.8.13-beta.2+mc1.21.1-mod.jar" [locator: net.caffeinemc.mods.sodium.service.SodiumServiceModLocator@4d74c3ba, reader: mod manifest]
[22Sep2026 20:38:57.781] [main/INFO] [net.neoforged.fml.loading.moddiscovery.ModDiscoverer/SCAN]: Found mod file "fabric-rendering-data-attachment-v1-0.3.48+73761d2e19.jar" [locator: net.caffeinemc.mods.sodium.service.SodiumServiceModLocator@4d74c3ba, reader: mod manifest]
[22Sep2026 20:38:57.784] [main/INFO] [net.neoforged.fml.loading.moddiscovery.ModDiscoverer/SCAN]: Found mod file "fabric-renderer-api-v1-3.4.1+9125b6dc19.jar" [locator: net.caffeinemc.mods.sodium.service.SodiumServiceModLocator@4d74c3ba, reader: mod manifest]
[22Sep2026 20:38:57.786] [main/INFO] [net.neoforged.fml.loading.moddiscovery.ModDiscoverer/SCAN]: Found mod file "fabric-block-view-api-v2-1.0.10+9afaaf8c19.jar" [locator: net.caffeinemc.mods.sodium.service.SodiumServiceModLocator@4d74c3ba, reader: mod manifest]
[22Sep2026 20:38:57.789] [main/INFO] [net.neoforged.fml.loading.moddiscovery.ModDiscoverer/SCAN]: Found mod file "fabric-api-base-0.4.42+d1308ded19.jar" [locator: net.caffeinemc.mods.sodium.service.SodiumServiceModLocator@4d74c3ba, reader: mod manifest]
[22Sep2026 20:38:57.794] [main/INFO] [net.neoforged.fml.loading.moddiscovery.ModDiscoverer/SCAN]: Found mod file "aero_cam_sync-1.3.6.jar" [locator: {mods folder locator at D:\MINECRAFT\instances\aeronautica 6.0\minecraft\mods}, reader: mod manifest]
[22Sep2026 20:38:57.797] [main/INFO] [net.neoforged.fml.loading.moddiscovery.ModDiscoverer/SCAN]: Found mod file "aerocopycats-1.1.1.jar" [locator: {mods folder locator at D:\MINECRAFT\instances\aeronautica 6.0\minecraft\mods}, reader: mod manifest]
[22Sep2026 20:38:57.800] [main/INFO] [net.neoforged.fml.loading.moddiscovery.ModDiscoverer/SCAN]: Found mod file "aeroencasedpipe-1.0.7.jar" [locator: {mods folder locator at D:\MINECRAFT\instances\aeronautica 6.0\minecraft\mods}, reader: mod manifest]
[22Sep2026 20:38:57.803] [main/INFO] [net.neoforged.fml.loading.moddiscovery.ModDiscoverer/SCAN]: Found mod file "aeroworks-1.4.2.jar" [locator: {mods folder locator at D:\MINECRAFT\instances\aeronautica 6.0\minecraft\mods}, reader: mod manifest]
[22Sep2026 20:38:57.807] [main/INFO] [net.neoforged.fml.loading.moddiscovery.ModDiscoverer/SCAN]: Found mod file "alltheleaks-1.1.11+1.21.1-neoforge.jar" [locator: {mods folder locator at D:\MINECRAFT\instances\aeronautica 6.0\minecraft\mods}, reader: mod manifest]
[22Sep2026 20:38:57.810] [main/INFO] [net.neoforged.fml.loading.moddiscovery.ModDiscoverer/SCAN]: Found mod file "architectury-13.0.8-neoforge.jar" [locator: {mods folder locator at D:\MINECRAFT\instances\aeronautica 6.0\minecraft\mods}, reader: mod manifest]
[22Sep2026 20:38:57.811] [main/INFO] [net.neoforged.fml.loading.moddiscovery.ModDiscoverer/SCAN]: Found mod file "azimuth-1.4.7.jar" [locator: {mods folder locator at D:\MINECRAFT\instances\aeronautica 6.0\minecraft\mods}, reader: mod manifest]
[22Sep2026 20:38:57.814] [main/INFO] [net.neoforged.fml.loading.moddiscovery.ModDiscoverer/SCAN]: Found mod file "backpacked-neoforge-1.21.1-3.0.5.jar" [locator: {mods folder locator at D:\MINECRAFT\instances\aeronautica 6.0\minecraft\mods}, reader: mod manifest]
[22Sep2026 20:38:57.816] [main/INFO] [net.neoforged.fml.loading.moddiscovery.ModDiscoverer/SCAN]: Found mod file "baguettelib-1.21.1-NeoForge-2.0.3.jar" [locator: {mods folder locator at D:\MINECRAFT\instances\aeronautica 6.0\minecraft\mods}, reader: mod manifest]
[22Sep2026 20:38:57.818] [main/INFO] [net.neoforged.fml.loading.moddiscovery.ModDiscoverer/SCAN]: Found mod file "ballastmod-0.1.0.jar" [locator: {mods folder locator at D:\MINECRAFT\instances\aeronautica 6.0\minecraft\mods}, reader: mod manifest]
[22Sep2026 20:38:57.820] [main/INFO] [net.neoforged.fml.loading.moddiscovery.ModDiscoverer/SCAN]: Found mod file "barehanded-neoforge-1.21.1-1.6.6.jar" [locator: {mods folder locator at D:\MINECRAFT\instances\aeronautica 6.0\minecraft\mods}, reader: mod manifest]
[22Sep2026 20:38:57.823] [main/INFO] [net.neoforged.fml.loading.moddiscovery.ModDiscoverer/SCAN]: Found mod file "better-clouds-1.13.6+1.21.1-neoforge.jar" [locator: {mods folder locator at D:\MINECRAFT\instances\aeronautica 6.0\minecraft\mods}, reader: mod manifest]
[22Sep2026 20:38:57.825] [main/INFO] [net.neoforged.fml.loading.moddiscovery.ModDiscoverer/SCAN]: Found mod file "better_contraption_diagram-1.2.2.jar" [locator: {mods folder locator at D:\MINECRAFT\instances\aeronautica 6.0\minecraft\mods}, reader: mod manifest]
[22Sep2026 20:38:57.827] [main/INFO] [net.neoforged.fml.loading.moddiscovery.ModDiscoverer/SCAN]: Found mod file "BetterF3-11.0.3-NeoForge-1.21.1.jar" [locator: {mods folder locator at D:\MINECRAFT\instances\aeronautica 6.0\minecraft\mods}, reader: mod manifest]
[22Sep2026 20:38:57.830] [main/INFO] [net.neoforged.fml.loading.moddiscovery.ModDiscoverer/SCAN]: Found gamelibrary file "bits_n_bobs-2.2.7.jar" [locator: {mods folder locator at D:\MINECRAFT\instances\aeronautica 6.0\minecraft\mods}, reader: mod manifest]
[22Sep2026 20:38:57.832] [main/INFO] [net.neoforged.fml.loading.moddiscovery.ModDiscoverer/SCAN]: Found gamelibrary file "bits_n_tracks-1.0.3.1-release.jar" [locator: {mods folder locator at D:\MINECRAFT\instances\aeronautica 6.0\minecraft\mods}, reader: mod manifest]
[22Sep2026 20:38:57.834] [main/INFO] [net.neoforged.fml.loading.moddiscovery.ModDiscoverer/SCAN]: Found mod file "boulders-neoforge-21.1.0.jar" [locator: {mods folder locator at D:\MINECRAFT\instances\aeronautica 6.0\minecraft\mods}, reader: mod manifest]
[22Sep2026 20:38:57.836] [main/INFO] [net.neoforged.fml.loading.moddiscovery.ModDiscoverer/SCAN]: Found mod file "BrewinAndChewin-neoforge-4.5.0+1.21.1.jar" [locator: {mods folder locator at D:\MINECRAFT\instances\aeronautica 6.0\minecraft\mods}, reader: mod manifest]
[22Sep2026 20:38:57.838] [main/INFO] [net.neoforged.fml.loading.moddiscovery.ModDiscoverer/SCAN]: Found mod file "c2me-neoforge-mc1.21.1-0.4.0-alpha.0.120.jar" [locator: {mods folder locator at D:\MINECRAFT\instances\aeronautica 6.0\minecraft\mods}, reader: mod manifest]
[22Sep2026 20:38:57.840] [main/INFO] [net.neoforged.fml.loading.moddiscovery.ModDiscoverer/SCAN]: Found mod file "cbc_compact_mount-1.2.2.jar" [locator: {mods folder locator at D:\MINECRAFT\instances\aeronautica 6.0\minecraft\mods}, reader: mod manifest]
[22Sep2026 20:38:57.843] [main/INFO] [net.neoforged.fml.loading.moddiscovery.ModDiscoverer/SCAN]: Found mod file "cbc_equally_opposite-0.1.3.jar" [locator: {mods folder locator at D:\MINECRAFT\instances\aeronautica 6.0\minecraft\mods}, reader: mod manifest]
[22Sep2026 20:38:57.845] [main/INFO] [net.neoforged.fml.loading.moddiscovery.ModDiscoverer/SCAN]: Found mod file "Chunky-NeoForge-1.4.23.jar" [locator: {mods folder locator at D:\MINECRAFT\instances\aeronautica 6.0\minecraft\mods}, reader: mod manifest]
[22Sep2026 20:38:57.847] [main/INFO] [net.neoforged.fml.loading.moddiscovery.ModDiscoverer/SCAN]: Found mod file "climbable_ropes-2.1.1.jar" [locator: {mods folder locator at D:\MINECRAFT\instances\aeronautica 6.0\minecraft\mods}, reader: mod manifest]
[22Sep2026 20:38:57.849] [main/INFO] [net.neoforged.fml.loading.moddiscovery.ModDiscoverer/SCAN]: Found mod file "cloth-config-15.0.140-neoforge.jar" [locator: {mods folder locator at D:\MINECRAFT\instances\aeronautica 6.0\minecraft\mods}, reader: mod manifest]
[22Sep2026 20:38:57.851] [main/INFO] [net.neoforged.fml.loading.moddiscovery.ModDiscoverer/SCAN]: Found mod file "compactflap-neoforge-1.21.1-1.0.4.1.jar" [locator: {mods folder locator at D:\MINECRAFT\instances\aeronautica 6.0\minecraft\mods}, reader: mod manifest]
[22Sep2026 20:38:57.855] [main/INFO] [net.neoforged.fml.loading.moddiscovery.ModDiscoverer/SCAN]: Found mod file "configured-neoforge-1.21.1-2.6.3.jar" [locator: {mods folder locator at D:\MINECRAFT\instances\aeronautica 6.0\minecraft\mods}, reader: mod manifest]
[22Sep2026 20:38:57.858] [main/INFO] [net.neoforged.fml.loading.moddiscovery.ModDiscoverer/SCAN]: Found mod file "Controlling-neoforge-1.21.1-19.0.5.jar" [locator: {mods folder locator at D:\MINECRAFT\instances\aeronautica 6.0\minecraft\mods}, reader: mod manifest]
[22Sep2026 20:38:57.860] [main/INFO] [net.neoforged.fml.loading.moddiscovery.ModDiscoverer/SCAN]: Found mod file "coolrain-1.21.1-NeoForge-1.0.1.jar" [locator: {mods folder locator at D:\MINECRAFT\instances\aeronautica 6.0\minecraft\mods}, reader: mod manifest]
[22Sep2026 20:38:57.863] [main/INFO] [net.neoforged.fml.loading.moddiscovery.ModDiscoverer/SCAN]: Found mod file "copycats-3.0.4+mc.1.21.1-neoforge.jar" [locator: {mods folder locator at D:\MINECRAFT\instances\aeronautica 6.0\minecraft\mods}, reader: mod manifest]
[22Sep2026 20:38:57.865] [main/INFO] [net.neoforged.fml.loading.moddiscovery.ModDiscoverer/SCAN]: Found mod file "cr_aero_structures.jar" [locator: {mods folder locator at D:\MINECRAFT\instances\aeronautica 6.0\minecraft\mods}, reader: mod manifest]
[22Sep2026 20:38:57.867] [main/INFO] [net.neoforged.fml.loading.moddiscovery.ModDiscoverer/SCAN]: Found mod file "crawlondemand-1.21-1.21.5-1.2.0+neoforge.jar" [locator: {mods folder locator at D:\MINECRAFT\instances\aeronautica 6.0\minecraft\mods}, reader: mod manifest]
[22Sep2026 20:38:57.872] [main/INFO] [net.neoforged.fml.loading.moddiscovery.ModDiscoverer/SCAN]: Found mod file "create-1.21.1-6.0.10.jar" [locator: {mods folder locator at D:\MINECRAFT\instances\aeronautica 6.0\minecraft\mods}, reader: mod manifest]
[22Sep2026 20:38:57.875] [main/INFO] [net.neoforged.fml.loading.moddiscovery.ModDiscoverer/SCAN]: Found mod file "create-aeronautics-bundled-1.21.1-1.3.0.jar" [locator: {mods folder locator at D:\MINECRAFT\instances\aeronautica 6.0\minecraft\mods}, reader: mod manifest]
[22Sep2026 20:38:57.877] [main/INFO] [net.neoforged.fml.loading.moddiscovery.ModDiscoverer/SCAN]: Found mod file "create-aeronautics-lift-patch-1.1.0.jar" [locator: {mods folder locator at D:\MINECRAFT\instances\aeronautica 6.0\minecraft\mods}, reader: mod manifest]
[22Sep2026 20:38:57.879] [main/INFO] [net.neoforged.fml.loading.moddiscovery.ModDiscoverer/SCAN]: Found mod file "create_aeronautics_transmission_linkage-0.2.5.jar" [locator: {mods folder locator at D:\MINECRAFT\instances\aeronautica 6.0\minecraft\mods}, reader: mod manifest]
[22Sep2026 20:38:57.882] [main/INFO] [net.neoforged.fml.loading.moddiscovery.ModDiscoverer/SCAN]: Found mod file "create_connected-1.3.2-mc1.21.1.jar" [locator: {mods folder locator at D:\MINECRAFT\instances\aeronautica 6.0\minecraft\mods}, reader: mod manifest]
[22Sep2026 20:38:57.884] [main/INFO] [net.neoforged.fml.loading.moddiscovery.ModDiscoverer/SCAN]: Found mod file "create_radar-0.4.9.4-1.21.1.jar" [locator: {mods folder locator at D:\MINECRAFT\instances\aeronautica 6.0\minecraft\mods}, reader: mod manifest]
[22Sep2026 20:38:57.887] [main/INFO] [net.neoforged.fml.loading.moddiscovery.ModDiscoverer/SCAN]: Found mod file "create_submarine-2.2.4.jar" [locator: {mods folder locator at D:\MINECRAFT\instances\aeronautica 6.0\minecraft\mods}, reader: mod manifest]
[22Sep2026 20:38:57.889] [main/INFO] [net.neoforged.fml.loading.moddiscovery.ModDiscoverer/SCAN]: Found mod file "create_tweaked_controllers-1.21.1-1.2.7.jar" [locator: {mods folder locator at D:\MINECRAFT\instances\aeronautica 6.0\minecraft\mods}, reader: mod manifest]
[22Sep2026 20:38:57.891] [main/INFO] [net.neoforged.fml.loading.moddiscovery.ModDiscoverer/SCAN]: Found mod file "createaddition-1.6.0.jar" [locator: {mods folder locator at D:\MINECRAFT\instances\aeronautica 6.0\minecraft\mods}, reader: mod manifest]
[22Sep2026 20:38:57.893] [main/INFO] [net.neoforged.fml.loading.moddiscovery.ModDiscoverer/SCAN]: Found mod file "createaeronauticscurios-neoforge-1.21.1-2.2.jar" [locator: {mods folder locator at D:\MINECRAFT\instances\aeronautica 6.0\minecraft\mods}, reader: mod manifest]
[22Sep2026 20:38:57.895] [main/INFO] [net.neoforged.fml.loading.moddiscovery.ModDiscoverer/SCAN]: Found mod file "createbigcannons-5.11.3+mc.1.21.1.jar" [locator: {mods folder locator at D:\MINECRAFT\instances\aeronautica 6.0\minecraft\mods}, reader: mod manifest]
[22Sep2026 20:38:57.897] [main/INFO] [net.neoforged.fml.loading.moddiscovery.ModDiscoverer/SCAN]: Found mod file "createburnerfuel-1.0.2.jar" [locator: {mods folder locator at D:\MINECRAFT\instances\aeronautica 6.0\minecraft\mods}, reader: mod manifest]
[22Sep2026 20:38:57.899] [main/INFO] [net.neoforged.fml.loading.moddiscovery.ModDiscoverer/SCAN]: Found mod file "createcobblestone-1.4.12+neoforge-1.21.1-144.jar" [locator: {mods folder locator at D:\MINECRAFT\instances\aeronautica 6.0\minecraft\mods}, reader: mod manifest]
[22Sep2026 20:38:57.902] [main/INFO] [net.neoforged.fml.loading.moddiscovery.ModDiscoverer/SCAN]: Found mod file "createdeco-2.1.3.jar" [locator: {mods folder locator at D:\MINECRAFT\instances\aeronautica 6.0\minecraft\mods}, reader: mod manifest]
[22Sep2026 20:38:57.905] [main/INFO] [net.neoforged.fml.loading.moddiscovery.ModDiscoverer/SCAN]: Found mod file "createdieselgenerators-1.21.1-1.3.15.jar" [locator: {mods folder locator at D:\MINECRAFT\instances\aeronautica 6.0\minecraft\mods}, reader: mod manifest]
[22Sep2026 20:38:57.907] [main/INFO] [net.neoforged.fml.loading.moddiscovery.ModDiscoverer/SCAN]: Found mod file "creategunpowder-1.21.1-1.0.1.jar" [locator: {mods folder locator at D:\MINECRAFT\instances\aeronautica 6.0\minecraft\mods}, reader: mod manifest]
[22Sep2026 20:38:57.908] [main/INFO] [net.neoforged.fml.loading.moddiscovery.ModDiscoverer/SCAN]: Found mod file "createtransmission-1.2.1+neoforge-create6-1.21.1.jar" [locator: {mods folder locator at D:\MINECRAFT\instances\aeronautica 6.0\minecraft\mods}, reader: mod manifest]
[22Sep2026 20:38:57.910] [main/INFO] [net.neoforged.fml.loading.moddiscovery.ModDiscoverer/SCAN]: Found mod file "curios-neoforge-9.5.1+1.21.1.jar" [locator: {mods folder locator at D:\MINECRAFT\instances\aeronautica 6.0\minecraft\mods}, reader: mod manifest]
[22Sep2026 20:38:57.914] [main/INFO] [net.neoforged.fml.loading.moddiscovery.ModDiscoverer/SCAN]: Found mod file "Design-n-Decor-1.21.1-2.2b.jar" [locator: {mods folder locator at D:\MINECRAFT\instances\aeronautica 6.0\minecraft\mods}, reader: mod manifest]
[22Sep2026 20:38:57.916] [main/INFO] [net.neoforged.fml.loading.moddiscovery.ModDiscoverer/SCAN]: Found mod file "drivebywire-0.3.0.jar" [locator: {mods folder locator at D:\MINECRAFT\instances\aeronautica 6.0\minecraft\mods}, reader: mod manifest]
[22Sep2026 20:38:57.917] [main/INFO] [net.neoforged.fml.loading.moddiscovery.ModDiscoverer/SCAN]: Found mod file "effectual-neoforge-1.4.0-1.21.1.jar" [locator: {mods folder locator at D:\MINECRAFT\instances\aeronautica 6.0\minecraft\mods}, reader: mod manifest]
[22Sep2026 20:38:57.920] [main/INFO] [net.neoforged.fml.loading.moddiscovery.ModDiscoverer/SCAN]: Found mod file "effortless-1.21.1-3.4.0.jar" [locator: {mods folder locator at D:\MINECRAFT\instances\aeronautica 6.0\minecraft\mods}, reader: mod manifest]
[22Sep2026 20:38:57.921] [main/INFO] [net.neoforged.fml.loading.moddiscovery.ModDiscoverer/SCAN]: Found mod file "entity_model_features-3.2.4-1.21-neoforge.jar" [locator: {mods folder locator at D:\MINECRAFT\instances\aeronautica 6.0\minecraft\mods}, reader: mod manifest]
[22Sep2026 20:38:57.923] [main/INFO] [net.neoforged.fml.loading.moddiscovery.ModDiscoverer/SCAN]: Found mod file "entity_texture_features_1.21-neoforge-7.1.jar" [locator: {mods folder locator at D:\MINECRAFT\instances\aeronautica 6.0\minecraft\mods}, reader: mod manifest]
[22Sep2026 20:38:57.924] [main/INFO] [net.neoforged.fml.loading.moddiscovery.ModDiscoverer/SCAN]: Found mod file "entityculling-neoforge-1.10.5-mc1.21.1.jar" [locator: {mods folder locator at D:\MINECRAFT\instances\aeronautica 6.0\minecraft\mods}, reader: mod manifest]
[22Sep2026 20:38:57.927] [main/INFO] [net.neoforged.fml.loading.moddiscovery.ModDiscoverer/SCAN]: Found mod file "explosionoverhaul-0.2.3.0-neoforge.jar" [locator: {mods folder locator at D:\MINECRAFT\instances\aeronautica 6.0\minecraft\mods}, reader: mod manifest]
[22Sep2026 20:38:57.929] [main/INFO] [net.neoforged.fml.loading.moddiscovery.ModDiscoverer/SCAN]: Found mod file "FarmersDelight-1.21.1-1.3.2.jar" [locator: {mods folder locator at D:\MINECRAFT\instances\aeronautica 6.0\minecraft\mods}, reader: mod manifest]
[22Sep2026 20:38:57.934] [main/INFO] [net.neoforged.fml.loading.moddiscovery.ModDiscoverer/SCAN]: Found mod file "ferritecore-7.0.3-neoforge.jar" [locator: {mods folder locator at D:\MINECRAFT\instances\aeronautica 6.0\minecraft\mods}, reader: mod manifest]
[22Sep2026 20:38:57.935] [main/INFO] [net.neoforged.fml.loading.moddiscovery.ModDiscoverer/SCAN]: Found mod file "firstperson-neoforge-2.7.2-mc1.21.1.jar" [locator: {mods folder locator at D:\MINECRAFT\instances\aeronautica 6.0\minecraft\mods}, reader: mod manifest]
[22Sep2026 20:38:57.937] [main/INFO] [net.neoforged.fml.loading.moddiscovery.ModDiscoverer/SCAN]: Found mod file "flyhigher-1.21.1-1.0.2.jar" [locator: {mods folder locator at D:\MINECRAFT\instances\aeronautica 6.0\minecraft\mods}, reader: mod manifest]
[22Sep2026 20:38:57.939] [main/INFO] [net.neoforged.fml.loading.moddiscovery.ModDiscoverer/SCAN]: Found mod file "framework-neoforge-1.21.1-0.13.11.jar" [locator: {mods folder locator at D:\MINECRAFT\instances\aeronautica 6.0\minecraft\mods}, reader: mod manifest]
[22Sep2026 20:38:57.941] [main/INFO] [net.neoforged.fml.loading.moddiscovery.ModDiscoverer/SCAN]: Found mod file "geckolib-neoforge-1.21.1-4.9.2.jar" [locator: {mods folder locator at D:\MINECRAFT\instances\aeronautica 6.0\minecraft\mods}, reader: mod manifest]
[22Sep2026 20:38:57.943] [main/INFO] [net.neoforged.fml.loading.moddiscovery.ModDiscoverer/SCAN]: Found mod file "glaidens_audio_compat-1.0.0.jar" [locator: {mods folder locator at D:\MINECRAFT\instances\aeronautica 6.0\minecraft\mods}, reader: mod manifest]
[22Sep2026 20:38:57.946] [main/INFO] [net.neoforged.fml.loading.moddiscovery.ModDiscoverer/SCAN]: Found mod file "glaidens_radio_mod-1.3.7-neoforge-1.21.1.jar" [locator: {mods folder locator at D:\MINECRAFT\instances\aeronautica 6.0\minecraft\mods}, reader: mod manifest]
[22Sep2026 20:38:57.947] [main/INFO] [net.neoforged.fml.loading.moddiscovery.ModDiscoverer/SCAN]: Found mod file "grapplemod-1.1+1.21.1.neoforge.jar" [locator: {mods folder locator at D:\MINECRAFT\instances\aeronautica 6.0\minecraft\mods}, reader: mod manifest]
[22Sep2026 20:38:57.949] [main/INFO] [net.neoforged.fml.loading.moddiscovery.ModDiscoverer/SCAN]: Found mod file "immersivethunder-neoforge-1.21.1-1.3.0.jar" [locator: {mods folder locator at D:\MINECRAFT\instances\aeronautica 6.0\minecraft\mods}, reader: mod manifest]
[22Sep2026 20:38:57.951] [main/INFO] [net.neoforged.fml.loading.moddiscovery.ModDiscoverer/SCAN]: Found mod file "interiors-1.21.1-neoforge-0.6.1.jar" [locator: {mods folder locator at D:\MINECRAFT\instances\aeronautica 6.0\minecraft\mods}, reader: mod manifest]
[22Sep2026 20:38:57.953] [main/INFO] [net.neoforged.fml.loading.moddiscovery.ModDiscoverer/SCAN]: Found mod file "irons_lib-1.21.1-2.1.0.jar" [locator: {mods folder locator at D:\MINECRAFT\instances\aeronautica 6.0\minecraft\mods}, reader: mod manifest]
[22Sep2026 20:38:57.955] [main/INFO] [net.neoforged.fml.loading.moddiscovery.ModDiscoverer/SCAN]: Found mod file "irons_rpg_tweaks-2.2.3.jar" [locator: {mods folder locator at D:\MINECRAFT\instances\aeronautica 6.0\minecraft\mods}, reader: mod manifest]
[22Sep2026 20:38:57.956] [main/INFO] [net.neoforged.fml.loading.moddiscovery.ModDiscoverer/SCAN]: Found mod file "Item-Obliterator-NeoForge-MC1.21.1-2.3.0.jar" [locator: {mods folder locator at D:\MINECRAFT\instances\aeronautica 6.0\minecraft\mods}, reader: mod manifest]
[22Sep2026 20:38:57.958] [main/INFO] [net.neoforged.fml.loading.moddiscovery.ModDiscoverer/SCAN]: Found mod file "Jade-1.21.1-NeoForge-15.10.5.jar" [locator: {mods folder locator at D:\MINECRAFT\instances\aeronautica 6.0\minecraft\mods}, reader: mod manifest]
[22Sep2026 20:38:57.960] [main/INFO] [net.neoforged.fml.loading.moddiscovery.ModDiscoverer/SCAN]: Found mod file "jei-1.21.1-neoforge-19.36.0.360.jar" [locator: {mods folder locator at D:\MINECRAFT\instances\aeronautica 6.0\minecraft\mods}, reader: mod manifest]
[22Sep2026 20:38:57.962] [main/INFO] [net.neoforged.fml.loading.moddiscovery.ModDiscoverer/SCAN]: Found mod file "kubejs-create-neoforge-2101.3.1-build.18.jar" [locator: {mods folder locator at D:\MINECRAFT\instances\aeronautica 6.0\minecraft\mods}, reader: mod manifest]
[22Sep2026 20:38:57.964] [main/INFO] [net.neoforged.fml.loading.moddiscovery.ModDiscoverer/SCAN]: Found mod file "kubejs-neoforge-2101.7.2-build.368.jar" [locator: {mods folder locator at D:\MINECRAFT\instances\aeronautica 6.0\minecraft\mods}, reader: mod manifest]
[22Sep2026 20:38:57.966] [main/INFO] [net.neoforged.fml.loading.moddiscovery.ModDiscoverer/SCAN]: Found mod file "lambdynamiclights-4.8.10+1.21.1.jar" [locator: {mods folder locator at D:\MINECRAFT\instances\aeronautica 6.0\minecraft\mods}, reader: mod manifest]
[22Sep2026 20:38:57.968] [main/INFO] [net.neoforged.fml.loading.moddiscovery.ModDiscoverer/SCAN]: Found mod file "lanserverproperties-1.13.2-neoforge.jar" [locator: {mods folder locator at D:\MINECRAFT\instances\aeronautica 6.0\minecraft\mods}, reader: mod manifest]
[22Sep2026 20:38:57.970] [main/INFO] [net.neoforged.fml.loading.moddiscovery.ModDiscoverer/SCAN]: Found mod file "linearbearing-1.3.5.jar" [locator: {mods folder locator at D:\MINECRAFT\instances\aeronautica 6.0\minecraft\mods}, reader: mod manifest]
[22Sep2026 20:38:57.972] [main/INFO] [net.neoforged.fml.loading.moddiscovery.ModDiscoverer/SCAN]: Found mod file "lithium-neoforge-0.15.4+mc1.21.1.jar" [locator: {mods folder locator at D:\MINECRAFT\instances\aeronautica 6.0\minecraft\mods}, reader: mod manifest]
[22Sep2026 20:38:57.974] [main/INFO] [net.neoforged.fml.loading.moddiscovery.ModDiscoverer/SCAN]: Found mod file "lithostitched-1.7.13-neoforge-21.1.jar" [locator: {mods folder locator at D:\MINECRAFT\instances\aeronautica 6.0\minecraft\mods}, reader: mod manifest]
[22Sep2026 20:38:57.975] [main/INFO] [net.neoforged.fml.loading.moddiscovery.ModDiscoverer/SCAN]: Found mod file "lithostitched-1.8.0+beta4-neoforge-21.1.jar" [locator: {mods folder locator at D:\MINECRAFT\instances\aeronautica 6.0\minecraft\mods}, reader: mod manifest]
[22Sep2026 20:38:57.977] [main/INFO] [net.neoforged.fml.loading.moddiscovery.ModDiscoverer/SCAN]: Found mod file "locometal_armor-1.1.0.jar" [locator: {mods folder locator at D:\MINECRAFT\instances\aeronautica 6.0\minecraft\mods}, reader: mod manifest]
[22Sep2026 20:38:57.979] [main/INFO] [net.neoforged.fml.loading.moddiscovery.ModDiscoverer/SCAN]: Found mod file "lootjs-neoforge-1.21.1-3.7.0.jar" [locator: {mods folder locator at D:\MINECRAFT\instances\aeronautica 6.0\minecraft\mods}, reader: mod manifest]
[22Sep2026 20:38:57.981] [main/INFO] [net.neoforged.fml.loading.moddiscovery.ModDiscoverer/SCAN]: Found mod file "lukis-strongholds-v1.0.jar" [locator: {mods folder locator at D:\MINECRAFT\instances\aeronautica 6.0\minecraft\mods}, reader: mod manifest]
[22Sep2026 20:38:57.983] [main/INFO] [net.neoforged.fml.loading.moddiscovery.ModDiscoverer/SCAN]: Found mod file "medieval_buildings-1.21.1-1.1.1-neoforge.jar" [locator: {mods folder locator at D:\MINECRAFT\instances\aeronautica 6.0\minecraft\mods}, reader: mod manifest]
[22Sep2026 20:38:57.985] [main/INFO] [net.neoforged.fml.loading.moddiscovery.ModDiscoverer/SCAN]: Found mod file "minecraft-cursor-neoforge-3.11.3+1.21.1.jar" [locator: {mods folder locator at D:\MINECRAFT\instances\aeronautica 6.0\minecraft\mods}, reader: mod manifest]
[22Sep2026 20:38:57.987] [main/INFO] [net.neoforged.fml.loading.moddiscovery.ModDiscoverer/SCAN]: Found mod file "modernfix-neoforge-5.27.20+mc1.21.1.jar" [locator: {mods folder locator at D:\MINECRAFT\instances\aeronautica 6.0\minecraft\mods}, reader: mod manifest]
[22Sep2026 20:38:57.989] [main/INFO] [net.neoforged.fml.loading.moddiscovery.ModDiscoverer/SCAN]: Found mod file "moogs_structures-neoforge-1.21.1-3.0.1.jar" [locator: {mods folder locator at D:\MINECRAFT\instances\aeronautica 6.0\minecraft\mods}, reader: mod manifest]
[22Sep2026 20:38:57.990] [main/INFO] [net.neoforged.fml.loading.moddiscovery.ModDiscoverer/SCAN]: Found mod file "MoogsEndStructures-1.21-2.0.3.jar" [locator: {mods folder locator at D:\MINECRAFT\instances\aeronautica 6.0\minecraft\mods}, reader: mod manifest]
[22Sep2026 20:38:57.992] [main/INFO] [net.neoforged.fml.loading.moddiscovery.ModDiscoverer/SCAN]: Found mod file "moonlight-1.21.1-3.3.3-neoforge.jar" [locator: {mods folder locator at D:\MINECRAFT\instances\aeronautica 6.0\minecraft\mods}, reader: mod manifest]
[22Sep2026 20:38:57.993] [main/INFO] [net.neoforged.fml.loading.moddiscovery.ModDiscoverer/SCAN]: Found mod file "MouseTweaks-neoforge-mc1.21-2.26.1.jar" [locator: {mods folder locator at D:\MINECRAFT\instances\aeronautica 6.0\minecraft\mods}, reader: mod manifest]
[22Sep2026 20:38:57.995] [main/INFO] [net.neoforged.fml.loading.moddiscovery.ModDiscoverer/SCAN]: Found mod file "mru-1.0.19+LTS+1.21.1+neoforge.jar" [locator: {mods folder locator at D:\MINECRAFT\instances\aeronautica 6.0\minecraft\mods}, reader: mod manifest]
[22Sep2026 20:38:57.997] [main/INFO] [net.neoforged.fml.loading.moddiscovery.ModDiscoverer/SCAN]: Found mod file "naturaltemperature-1.1.10-NEOFORGE-MC-1.21.1.jar" [locator: {mods folder locator at D:\MINECRAFT\instances\aeronautica 6.0\minecraft\mods}, reader: mod manifest]
[22Sep2026 20:38:57.999] [main/INFO] [net.neoforged.fml.loading.moddiscovery.ModDiscoverer/SCAN]: Found mod file "Necronomicon-NeoForge-1.6.0+1.21.jar" [locator: {mods folder locator at D:\MINECRAFT\instances\aeronautica 6.0\minecraft\mods}, reader: mod manifest]
[22Sep2026 20:38:58.000] [main/INFO] [net.neoforged.fml.loading.moddiscovery.ModDiscoverer/SCAN]: Found mod file "noisium-neoforge-2.7.0+mc1.21-1.21.1.jar" [locator: {mods folder locator at D:\MINECRAFT\instances\aeronautica 6.0\minecraft\mods}, reader: mod manifest]
[22Sep2026 20:38:58.002] [main/INFO] [net.neoforged.fml.loading.moddiscovery.ModDiscoverer/SCAN]: Found mod file "notenoughanimations-neoforge-1.12.4-mc1.21.1.jar" [locator: {mods folder locator at D:\MINECRAFT\instances\aeronautica 6.0\minecraft\mods}, reader: mod manifest]
[22Sep2026 20:38:58.004] [main/INFO] [net.neoforged.fml.loading.moddiscovery.ModDiscoverer/SCAN]: Found mod file "Nullscape_1.21.x_v1.2.14.jar" [locator: {mods folder locator at D:\MINECRAFT\instances\aeronautica 6.0\minecraft\mods}, reader: mod manifest]
[22Sep2026 20:38:58.005] [main/INFO] [net.neoforged.fml.loading.moddiscovery.ModDiscoverer/SCAN]: Found mod file "packagerspsic-1.0.0.jar" [locator: {mods folder locator at D:\MINECRAFT\instances\aeronautica 6.0\minecraft\mods}, reader: mod manifest]
[22Sep2026 20:38:58.007] [main/INFO] [net.neoforged.fml.loading.moddiscovery.ModDiscoverer/SCAN]: Found mod file "particlerain-4.0.0-beta.10+1.21.1-neoforge.jar" [locator: {mods folder locator at D:\MINECRAFT\instances\aeronautica 6.0\minecraft\mods}, reader: mod manifest]
[22Sep2026 20:38:58.009] [main/INFO] [net.neoforged.fml.loading.moddiscovery.ModDiscoverer/SCAN]: Found mod file "Paxi-1.21.1-NeoForge-5.1.3.jar" [locator: {mods folder locator at D:\MINECRAFT\instances\aeronautica 6.0\minecraft\mods}, reader: mod manifest]
[22Sep2026 20:38:58.011] [main/INFO] [net.neoforged.fml.loading.moddiscovery.ModDiscoverer/SCAN]: Found mod file "player-animation-lib-forge-2.0.4+1.21.1.jar" [locator: {mods folder locator at D:\MINECRAFT\instances\aeronautica 6.0\minecraft\mods}, reader: mod manifest]
[22Sep2026 20:38:58.012] [main/INFO] [net.neoforged.fml.loading.moddiscovery.ModDiscoverer/SCAN]: Found mod file "Quick Skin - NeoForge - 1.21.1-2.6.2.4.jar" [locator: {mods folder locator at D:\MINECRAFT\instances\aeronautica 6.0\minecraft\mods}, reader: mod manifest]
[22Sep2026 20:38:58.014] [main/INFO] [net.neoforged.fml.loading.moddiscovery.ModDiscoverer/SCAN]: Found mod file "ragdoll_corpse-1.21.1-0.3.0.jar" [locator: {mods folder locator at D:\MINECRAFT\instances\aeronautica 6.0\minecraft\mods}, reader: mod manifest]
[22Sep2026 20:38:58.023] [main/INFO] [net.neoforged.fml.loading.moddiscovery.ModDiscoverer/SCAN]: Found mod file "railways-0.3.0-alpha.2+neoforge-mc1.21.1.jar" [locator: {mods folder locator at D:\MINECRAFT\instances\aeronautica 6.0\minecraft\mods}, reader: mod manifest]
[22Sep2026 20:38:58.027] [main/INFO] [net.neoforged.fml.loading.moddiscovery.ModDiscoverer/SCAN]: Found mod file "regions-unexplored-0.6.2-neoforge-21.1.jar" [locator: {mods folder locator at D:\MINECRAFT\instances\aeronautica 6.0\minecraft\mods}, reader: mod manifest]
[22Sep2026 20:38:58.029] [main/INFO] [net.neoforged.fml.loading.moddiscovery.ModDiscoverer/SCAN]: Found mod file "rhino-2101.2.7-build.85.jar" [locator: {mods folder locator at D:\MINECRAFT\instances\aeronautica 6.0\minecraft\mods}, reader: mod manifest]
[22Sep2026 20:38:58.030] [main/INFO] [net.neoforged.fml.loading.moddiscovery.ModDiscoverer/SCAN]: Found mod file "ritchiesprojectilelib-2.1.2+mc.1.21.1-neoforge.jar" [locator: {mods folder locator at D:\MINECRAFT\instances\aeronautica 6.0\minecraft\mods}, reader: mod manifest]
[22Sep2026 20:38:58.032] [main/INFO] [net.neoforged.fml.loading.moddiscovery.ModDiscoverer/SCAN]: Found mod file "ropefix-1.5.0.jar" [locator: {mods folder locator at D:\MINECRAFT\instances\aeronautica 6.0\minecraft\mods}, reader: mod manifest]
[22Sep2026 20:38:58.034] [main/INFO] [net.neoforged.fml.loading.moddiscovery.ModDiscoverer/SCAN]: Found mod file "s_a_b-1.4.3-neoforge-1.21.1.jar" [locator: {mods folder locator at D:\MINECRAFT\instances\aeronautica 6.0\minecraft\mods}, reader: mod manifest]
[22Sep2026 20:38:58.036] [main/INFO] [net.neoforged.fml.loading.moddiscovery.ModDiscoverer/SCAN]: Found mod file "sable-dynamic-lights-1.21.1-2.0.1.jar" [locator: {mods folder locator at D:\MINECRAFT\instances\aeronautica 6.0\minecraft\mods}, reader: mod manifest]
[22Sep2026 20:38:58.038] [main/INFO] [net.neoforged.fml.loading.moddiscovery.ModDiscoverer/SCAN]: Found mod file "sable-neoforge-1.21.1-2.0.3.jar" [locator: {mods folder locator at D:\MINECRAFT\instances\aeronautica 6.0\minecraft\mods}, reader: mod manifest]
[22Sep2026 20:38:58.040] [main/INFO] [net.neoforged.fml.loading.moddiscovery.ModDiscoverer/SCAN]: Found mod file "sable_player_ragdoll-1.21.1-0.7.5.jar" [locator: {mods folder locator at D:\MINECRAFT\instances\aeronautica 6.0\minecraft\mods}, reader: mod manifest]
[22Sep2026 20:38:58.042] [main/INFO] [net.neoforged.fml.loading.moddiscovery.ModDiscoverer/SCAN]: Found mod file "sable_player_ragdoll_patch-1.21.1-1.9.jar" [locator: {mods folder locator at D:\MINECRAFT\instances\aeronautica 6.0\minecraft\mods}, reader: mod manifest]
[22Sep2026 20:38:58.044] [main/INFO] [net.neoforged.fml.loading.moddiscovery.ModDiscoverer/SCAN]: Found mod file "sablebeyond-neoforge-1.21.1-v0.5.0.jar" [locator: {mods folder locator at D:\MINECRAFT\instances\aeronautica 6.0\minecraft\mods}, reader: mod manifest]
[22Sep2026 20:38:58.046] [main/INFO] [net.neoforged.fml.loading.moddiscovery.ModDiscoverer/SCAN]: Found mod file "sablemassview-1.0.0.jar" [locator: {mods folder locator at D:\MINECRAFT\instances\aeronautica 6.0\minecraft\mods}, reader: mod manifest]
[22Sep2026 20:38:58.048] [main/INFO] [net.neoforged.fml.loading.moddiscovery.ModDiscoverer/SCAN]: Found mod file "scgunsww1-29.06.2026.5.jar" [locator: {mods folder locator at D:\MINECRAFT\instances\aeronautica 6.0\minecraft\mods}, reader: mod manifest]
[22Sep2026 20:38:58.051] [main/INFO] [net.neoforged.fml.loading.moddiscovery.ModDiscoverer/SCAN]: Found mod file "ScorchedGuns-1.5.jar" [locator: {mods folder locator at D:\MINECRAFT\instances\aeronautica 6.0\minecraft\mods}, reader: mod manifest]
[22Sep2026 20:38:58.054] [main/INFO] [net.neoforged.fml.loading.moddiscovery.ModDiscoverer/SCAN]: Found mod file "Searchables-neoforge-1.21.1-1.0.2.jar" [locator: {mods folder locator at D:\MINECRAFT\instances\aeronautica 6.0\minecraft\mods}, reader: mod manifest]
[22Sep2026 20:38:58.055] [main/INFO] [net.neoforged.fml.loading.moddiscovery.ModDiscoverer/SCAN]: Found mod file "simpleblood-1.21.1-1.0.4.jar" [locator: {mods folder locator at D:\MINECRAFT\instances\aeronautica 6.0\minecraft\mods}, reader: mod manifest]
[22Sep2026 20:38:58.057] [main/INFO] [net.neoforged.fml.loading.moddiscovery.ModDiscoverer/SCAN]: Found mod file "simplefog-neoforge-1.21.1-2.0.5.jar" [locator: {mods folder locator at D:\MINECRAFT\instances\aeronautica 6.0\minecraft\mods}, reader: mod manifest]
[22Sep2026 20:38:58.059] [main/INFO] [net.neoforged.fml.loading.moddiscovery.ModDiscoverer/SCAN]: Found mod file "simulated_addition-1.0.2.jar" [locator: {mods folder locator at D:\MINECRAFT\instances\aeronautica 6.0\minecraft\mods}, reader: mod manifest]
[22Sep2026 20:38:58.061] [main/INFO] [net.neoforged.fml.loading.moddiscovery.ModDiscoverer/SCAN]: Found mod file "sodiumextras-neoforge-1.0.8-1.21.1.jar" [locator: {mods folder locator at D:\MINECRAFT\instances\aeronautica 6.0\minecraft\mods}, reader: mod manifest]
[22Sep2026 20:38:58.062] [main/INFO] [net.neoforged.fml.loading.moddiscovery.ModDiscoverer/SCAN]: Found mod file "sol_valheim_reforged-1.1.6-neoforge-1.21.1.jar" [locator: {mods folder locator at D:\MINECRAFT\instances\aeronautica 6.0\minecraft\mods}, reader: mod manifest]
[22Sep2026 20:38:58.064] [main/INFO] [net.neoforged.fml.loading.moddiscovery.ModDiscoverer/SCAN]: Found mod file "sound-physics-remastered-neoforge-1.21.1-1.5.1.jar" [locator: {mods folder locator at D:\MINECRAFT\instances\aeronautica 6.0\minecraft\mods}, reader: mod manifest]
[22Sep2026 20:38:58.065] [main/INFO] [net.neoforged.fml.loading.moddiscovery.ModDiscoverer/SCAN]: Found mod file "sounds-2.4.22+lts+1.21.1-neoforge.jar" [locator: {mods folder locator at D:\MINECRAFT\instances\aeronautica 6.0\minecraft\mods}, reader: mod manifest]
[22Sep2026 20:38:58.066] [main/INFO] [net.neoforged.fml.loading.moddiscovery.ModDiscoverer/SCAN]: Found mod file "Stony Cliffs FML v1.1.2.jar" [locator: {mods folder locator at D:\MINECRAFT\instances\aeronautica 6.0\minecraft\mods}, reader: mod manifest]
[22Sep2026 20:38:58.068] [main/INFO] [net.neoforged.fml.loading.moddiscovery.ModDiscoverer/SCAN]: Found mod file "StreamsReflowing-1.21.1-neoforge-2.12.8.jar" [locator: {mods folder locator at D:\MINECRAFT\instances\aeronautica 6.0\minecraft\mods}, reader: mod manifest]
[22Sep2026 20:38:58.070] [main/INFO] [net.neoforged.fml.loading.moddiscovery.ModDiscoverer/SCAN]: Found mod file "structurify-neoforge-2.0.28+mc1.21.1.jar" [locator: {mods folder locator at D:\MINECRAFT\instances\aeronautica 6.0\minecraft\mods}, reader: mod manifest]
[22Sep2026 20:38:58.071] [main/INFO] [net.neoforged.fml.loading.moddiscovery.ModDiscoverer/SCAN]: Found gamelibrary file "struts-1.3.0.jar" [locator: {mods folder locator at D:\MINECRAFT\instances\aeronautica 6.0\minecraft\mods}, reader: mod manifest]
[22Sep2026 20:38:58.073] [main/INFO] [net.neoforged.fml.loading.moddiscovery.ModDiscoverer/SCAN]: Found mod file "swl-0.0.1-1.21-(Y -64)-NeoForge(1).jar" [locator: {mods folder locator at D:\MINECRAFT\instances\aeronautica 6.0\minecraft\mods}, reader: mod manifest]
[22Sep2026 20:38:58.074] [main/INFO] [net.neoforged.fml.loading.moddiscovery.ModDiscoverer/SCAN]: Found mod file "tectonic-3.0.26-neoforge-21.1.jar" [locator: {mods folder locator at D:\MINECRAFT\instances\aeronautica 6.0\minecraft\mods}, reader: mod manifest]
[22Sep2026 20:38:58.075] [main/INFO] [net.neoforged.fml.loading.moddiscovery.ModDiscoverer/SCAN]: Found mod file "TerraBlender-neoforge-1.21.1-4.1.0.8.jar" [locator: {mods folder locator at D:\MINECRAFT\instances\aeronautica 6.0\minecraft\mods}, reader: mod manifest]
[22Sep2026 20:38:58.077] [main/INFO] [net.neoforged.fml.loading.moddiscovery.ModDiscoverer/SCAN]: Found mod file "thick_air-1.21.1-NeoForge-1.1.2.jar" [locator: {mods folder locator at D:\MINECRAFT\instances\aeronautica 6.0\minecraft\mods}, reader: mod manifest]
[22Sep2026 20:38:58.078] [main/INFO] [net.neoforged.fml.loading.moddiscovery.ModDiscoverer/SCAN]: Found mod file "tlib-neoforge-1.5.0-1.21.1.jar" [locator: {mods folder locator at D:\MINECRAFT\instances\aeronautica 6.0\minecraft\mods}, reader: mod manifest]
[22Sep2026 20:38:58.080] [main/INFO] [net.neoforged.fml.loading.moddiscovery.ModDiscoverer/SCAN]: Found mod file "tracks-neoforge-1.21.1-1.0.1.jar" [locator: {mods folder locator at D:\MINECRAFT\instances\aeronautica 6.0\minecraft\mods}, reader: mod manifest]
[22Sep2026 20:38:58.081] [main/INFO] [net.neoforged.fml.loading.moddiscovery.ModDiscoverer/SCAN]: Found mod file "TreeChop-1.21.1-neoforge-0.19.3.jar" [locator: {mods folder locator at D:\MINECRAFT\instances\aeronautica 6.0\minecraft\mods}, reader: mod manifest]
[22Sep2026 20:38:58.083] [main/INFO] [net.neoforged.fml.loading.moddiscovery.ModDiscoverer/SCAN]: Found mod file "vista-1.21.1-5.3.4-neoforge.jar" [locator: {mods folder locator at D:\MINECRAFT\instances\aeronautica 6.0\minecraft\mods}, reader: mod manifest]
[22Sep2026 20:38:58.085] [main/INFO] [net.neoforged.fml.loading.moddiscovery.ModDiscoverer/SCAN]: Found mod file "voicechat-neoforge-1.21.1-2.6.20.jar" [locator: {mods folder locator at D:\MINECRAFT\instances\aeronautica 6.0\minecraft\mods}, reader: mod manifest]
[22Sep2026 20:38:58.086] [main/INFO] [net.neoforged.fml.loading.moddiscovery.ModDiscoverer/SCAN]: Found mod file "VS-Sable-HoseConnectors-0.1.8-1.21.1.jar" [locator: {mods folder locator at D:\MINECRAFT\instances\aeronautica 6.0\minecraft\mods}, reader: mod manifest]
[22Sep2026 20:38:58.088] [main/INFO] [net.neoforged.fml.loading.moddiscovery.ModDiscoverer/SCAN]: Found mod file "yet_another_config_lib_v3-3.8.2+1.21.1-neoforge.jar" [locator: {mods folder locator at D:\MINECRAFT\instances\aeronautica 6.0\minecraft\mods}, reader: mod manifest]
[22Sep2026 20:38:58.090] [main/INFO] [net.neoforged.fml.loading.moddiscovery.ModDiscoverer/SCAN]: Found mod file "YungsApi-1.21.1-NeoForge-5.1.6.jar" [locator: {mods folder locator at D:\MINECRAFT\instances\aeronautica 6.0\minecraft\mods}, reader: mod manifest]
[22Sep2026 20:38:58.980] [main/WARN] [net.neoforged.jarjar.selection.JarSelector/]: Attempted to select a dependency jar for JarJar which was passed in as source: playeranimator. Using Mod File: D:\MINECRAFT\instances\aeronautica 6.0\minecraft\mods\player-animation-lib-forge-2.0.4+1.21.1.jar
[22Sep2026 20:38:58.980] [main/WARN] [net.neoforged.jarjar.selection.JarSelector/]: Attempted to select a dependency jar for JarJar which was passed in as source: cloth_config. Using Mod File: D:\MINECRAFT\instances\aeronautica 6.0\minecraft\mods\cloth-config-15.0.140-neoforge.jar
[22Sep2026 20:38:58.980] [main/INFO] [net.neoforged.fml.loading.moddiscovery.locators.JarInJarDependencyLocator/]: Found 73 dependencies adding them to mods collection
[22Sep2026 20:38:58.980] [main/INFO] [net.neoforged.fml.loading.moddiscovery.ModDiscoverer/SCAN]: Found mod file "c2me-neoforge-fixes-worldgen-threading-issues-mc1.21.1-0.4.0-alpha.0.120.jar" [parent: c2me-neoforge-mc1.21.1-0.4.0-alpha.0.120.jar, locator: jarinjar, reader: mod manifest]
[22Sep2026 20:38:58.980] [main/INFO] [net.neoforged.fml.loading.moddiscovery.ModDiscoverer/SCAN]: Found mod file "c2me-neoforge-threading-lighting-mc1.21.1-0.4.0-alpha.0.120.jar" [parent: c2me-neoforge-mc1.21.1-0.4.0-alpha.0.120.jar, locator: jarinjar, reader: mod manifest]
[22Sep2026 20:38:58.980] [main/INFO] [net.neoforged.fml.loading.moddiscovery.ModDiscoverer/SCAN]: Found mod file "codecui-neoforge-1.21.1-1.3.6.jar" [parent: moonlight-1.21.1-3.3.3-neoforge.jar, locator: jarinjar, reader: mod manifest]
[22Sep2026 20:38:58.980] [main/INFO] [net.neoforged.fml.loading.moddiscovery.ModDiscoverer/SCAN]: Found library file "glsl-processor-0.2.3.jar" [parent: veil-neoforge-1.21.1-4.1.4.jar, locator: jarinjar]
[22Sep2026 20:38:58.980] [main/INFO] [net.neoforged.fml.loading.moddiscovery.ModDiscoverer/SCAN]: Found mod file "ponder-neoforge-1.0.82+mc1.21.1.jar" [parent: create-1.21.1-6.0.10.jar, locator: jarinjar, reader: mod manifest]
[22Sep2026 20:38:58.980] [main/INFO] [net.neoforged.fml.loading.moddiscovery.ModDiscoverer/SCAN]: Found library file "net.neoforged.neoforge-coremods-21.1.251.jar" [parent: neoforge-21.1.251-universal.jar, locator: jarinjar, reader: mod manifest]
[22Sep2026 20:38:58.980] [main/INFO] [net.neoforged.fml.loading.moddiscovery.ModDiscoverer/SCAN]: Found library file "json5-java-3.0.0.jar" [parent: regions-unexplored-0.6.2-neoforge-21.1.jar, locator: jarinjar]
[22Sep2026 20:38:58.980] [main/INFO] [net.neoforged.fml.loading.moddiscovery.ModDiscoverer/SCAN]: Found mod file "dev.eriksonn.aeronautics.aeronautics-neoforge-1.21.1-1.3.0.jar" [parent: create-aeronautics-bundled-1.21.1-1.3.0.jar, locator: jarinjar, reader: mod manifest]
[22Sep2026 20:38:58.980] [main/INFO] [net.neoforged.fml.loading.moddiscovery.ModDiscoverer/SCAN]: Found mod file "apollib-1.2.0-neoforge-21.1.jar" [parent: lithostitched-1.8.0+beta4-neoforge-21.1.jar, locator: jarinjar, reader: mod manifest]
[22Sep2026 20:38:58.980] [main/INFO] [net.neoforged.fml.loading.moddiscovery.ModDiscoverer/SCAN]: Found mod file "c2me-neoforge-opts-natives-math-mc1.21.1-0.4.0-alpha.0.120.jar" [parent: c2me-neoforge-mc1.21.1-0.4.0-alpha.0.120.jar, locator: jarinjar, reader: mod manifest]
[22Sep2026 20:38:58.980] [main/INFO] [net.neoforged.fml.loading.moddiscovery.ModDiscoverer/SCAN]: Found mod file "TRender-1.0.15-1.21.1-neoforge-SNAPSHOT.jar" [parent: firstperson-neoforge-2.7.2-mc1.21.1.jar, locator: jarinjar, reader: mod manifest]
[22Sep2026 20:38:58.980] [main/INFO] [net.neoforged.fml.loading.moddiscovery.ModDiscoverer/SCAN]: Found gamelibrary file "yumi-commons-collections-1.0.0.jar" [parent: yumi-mc-foundation-1.0.0-beta.1+1.21.1-mojmap.jar, locator: jarinjar, reader: mod manifest]
[22Sep2026 20:38:58.981] [main/INFO] [net.neoforged.fml.loading.moddiscovery.ModDiscoverer/SCAN]: Found mod file "c2me-neoforge-fixes-general-threading-issues-mc1.21.1-0.4.0-alpha.0.120.jar" [parent: c2me-neoforge-mc1.21.1-0.4.0-alpha.0.120.jar, locator: jarinjar, reader: mod manifest]
[22Sep2026 20:38:58.981] [main/INFO] [net.neoforged.fml.loading.moddiscovery.ModDiscoverer/SCAN]: Found library file "jctools-core-4.0.5.jar" [parent: c2me-neoforge-mc1.21.1-0.4.0-alpha.0.120.jar, locator: jarinjar]
[22Sep2026 20:38:58.981] [main/INFO] [net.neoforged.fml.loading.moddiscovery.ModDiscoverer/SCAN]: Found gamelibrary file "mixinsquared-neoforge-0.3.7-beta.1.jar" [parent: c2me-neoforge-mc1.21.1-0.4.0-alpha.0.120.jar, locator: jarinjar, reader: mod manifest]
[22Sep2026 20:38:58.981] [main/INFO] [net.neoforged.fml.loading.moddiscovery.ModDiscoverer/SCAN]: Found mod file "veil-neoforge-1.21.1-4.1.4.jar" [parent: sable-neoforge-1.21.1-2.0.3.jar, locator: jarinjar, reader: mod manifest]
[22Sep2026 20:38:58.981] [main/INFO] [net.neoforged.fml.loading.moddiscovery.ModDiscoverer/SCAN]: Found mod file "grapplemod-compat-create-1.0+1.21.1.neoforge-compat.jar" [parent: grapplemod-1.1+1.21.1.neoforge.jar, locator: jarinjar, reader: mod manifest]
[22Sep2026 20:38:58.981] [main/INFO] [net.neoforged.fml.loading.moddiscovery.ModDiscoverer/SCAN]: Found mod file "dev.simulated_team.simulated.simulated-neoforge-1.21.1-1.3.0.jar" [parent: create-aeronautics-bundled-1.21.1-1.3.0.jar, locator: jarinjar, reader: mod manifest]
[22Sep2026 20:38:58.981] [main/INFO] [net.neoforged.fml.loading.moddiscovery.ModDiscoverer/SCAN]: Found mod file "c2me-neoforge-opts-math-mc1.21.1-0.4.0-alpha.0.120.jar" [parent: c2me-neoforge-mc1.21.1-0.4.0-alpha.0.120.jar, locator: jarinjar, reader: mod manifest]
[22Sep2026 20:38:58.981] [main/INFO] [net.neoforged.fml.loading.moddiscovery.ModDiscoverer/SCAN]: Found mod file "c2me-neoforge-rewrites-chunk-system-mc1.21.1-0.4.0-alpha.0.120.jar" [parent: c2me-neoforge-mc1.21.1-0.4.0-alpha.0.120.jar, locator: jarinjar, reader: mod manifest]
[22Sep2026 20:38:58.981] [main/INFO] [net.neoforged.fml.loading.moddiscovery.ModDiscoverer/SCAN]: Found library file "rxjava-3.1.12.jar" [parent: c2me-neoforge-mc1.21.1-0.4.0-alpha.0.120.jar, locator: jarinjar]
[22Sep2026 20:38:58.981] [main/INFO] [net.neoforged.fml.loading.moddiscovery.ModDiscoverer/SCAN]: Found gamelibrary file "yumi-commons-event-1.0.0.jar" [parent: yumi-mc-foundation-1.0.0-beta.1+1.21.1-mojmap.jar, locator: jarinjar, reader: mod manifest]
[22Sep2026 20:38:58.981] [main/INFO] [net.neoforged.fml.loading.moddiscovery.ModDiscoverer/SCAN]: Found library file "reactive-streams-1.0.4.jar" [parent: c2me-neoforge-mc1.21.1-0.4.0-alpha.0.120.jar, locator: jarinjar]
[22Sep2026 20:38:58.981] [main/INFO] [net.neoforged.fml.loading.moddiscovery.ModDiscoverer/SCAN]: Found library file "molang-compiler-3.1.1.19.jar" [parent: veil-neoforge-1.21.1-4.1.4.jar, locator: jarinjar]
[22Sep2026 20:38:58.981] [main/INFO] [net.neoforged.fml.loading.moddiscovery.ModDiscoverer/SCAN]: Found mod file "c2me-neoforge-base-mc1.21.1-0.4.0-alpha.0.120-all.jar" [parent: c2me-neoforge-mc1.21.1-0.4.0-alpha.0.120.jar, locator: jarinjar, reader: mod manifest]
[22Sep2026 20:38:58.981] [main/INFO] [net.neoforged.fml.loading.moddiscovery.ModDiscoverer/SCAN]: Found library file "animated-gif-lib-for-java-animated-gif-lib-1.7.jar" [parent: kubejs-neoforge-2101.7.2-build.368.jar, locator: jarinjar]
[22Sep2026 20:38:58.981] [main/INFO] [net.neoforged.fml.loading.moddiscovery.ModDiscoverer/SCAN]: Found mod file "c2me-neoforge-opts-worldgen-vanilla-mc1.21.1-0.4.0-alpha.0.120.jar" [parent: c2me-neoforge-mc1.21.1-0.4.0-alpha.0.120.jar, locator: jarinjar, reader: mod manifest]
[22Sep2026 20:38:58.981] [main/INFO] [net.neoforged.fml.loading.moddiscovery.ModDiscoverer/SCAN]: Found mod file "c2me-neoforge-fixes-worldgen-vanilla-bugs-mc1.21.1-0.4.0-alpha.0.120.jar" [parent: c2me-neoforge-mc1.21.1-0.4.0-alpha.0.120.jar, locator: jarinjar, reader: mod manifest]
[22Sep2026 20:38:58.981] [main/INFO] [net.neoforged.fml.loading.moddiscovery.ModDiscoverer/SCAN]: Found mod file "pridelib-1.2.4+1.21.1-mojmap.jar" [parent: lambdynamiclights-4.8.10+1.21.1-neoforge.jar, locator: jarinjar, reader: mod manifest]
[22Sep2026 20:38:58.981] [main/INFO] [net.neoforged.fml.loading.moddiscovery.ModDiscoverer/SCAN]: Found library file "common-image-3.12.0.jar" [parent: yet_another_config_lib_v3-3.8.2+1.21.1-neoforge.jar, locator: jarinjar]
[22Sep2026 20:38:58.981] [main/INFO] [net.neoforged.fml.loading.moddiscovery.ModDiscoverer/SCAN]: Found mod file "c2me-neoforge-opts-scheduling-mc1.21.1-0.4.0-alpha.0.120.jar" [parent: c2me-neoforge-mc1.21.1-0.4.0-alpha.0.120.jar, locator: jarinjar, reader: mod manifest]
[22Sep2026 20:38:58.981] [main/INFO] [net.neoforged.fml.loading.moddiscovery.ModDiscoverer/SCAN]: Found mod file "greenhouseconfig_toml-1.1.0.jar" [parent: BrewinAndChewin-neoforge-4.5.0+1.21.1.jar, locator: jarinjar, reader: mod manifest]
[22Sep2026 20:38:58.981] [main/INFO] [net.neoforged.fml.loading.moddiscovery.ModDiscoverer/SCAN]: Found mod file "dev.ryanhcode.offroad.offroad-neoforge-1.21.1-1.3.0.jar" [parent: create-aeronautics-bundled-1.21.1-1.3.0.jar, locator: jarinjar, reader: mod manifest]
[22Sep2026 20:38:58.981] [main/INFO] [net.neoforged.fml.loading.moddiscovery.ModDiscoverer/SCAN]: Found library file "io.github.fishstiz.minecraft-cursor-common-api-3.11.3+1.21.1.jar" [parent: minecraft-cursor-neoforge-3.11.3+1.21.1.jar, locator: jarinjar]
[22Sep2026 20:38:58.981] [main/INFO] [net.neoforged.fml.loading.moddiscovery.ModDiscoverer/SCAN]: Found library file "exp4j-0.4.8.jar" [parent: c2me-neoforge-mc1.21.1-0.4.0-alpha.0.120.jar, locator: jarinjar]
[22Sep2026 20:38:58.981] [main/INFO] [net.neoforged.fml.loading.moddiscovery.ModDiscoverer/SCAN]: Found gamelibrary file "mixinextras-neoforge-0.5.3.jar" [parent: neoforge-21.1.251-universal.jar, locator: jarinjar, reader: mod manifest]
[22Sep2026 20:38:58.981] [main/INFO] [net.neoforged.fml.loading.moddiscovery.ModDiscoverer/SCAN]: Found gamelibrary file "yumi-commons-core-1.0.0.jar" [parent: yumi-mc-foundation-1.0.0-beta.1+1.21.1-mojmap.jar, locator: jarinjar, reader: mod manifest]
[22Sep2026 20:38:58.981] [main/INFO] [net.neoforged.fml.loading.moddiscovery.ModDiscoverer/SCAN]: Found library file "api-5.0.0.jar" [parent: better-clouds-1.13.6+1.21.1-neoforge.jar, locator: jarinjar]
[22Sep2026 20:38:58.981] [main/INFO] [net.neoforged.fml.loading.moddiscovery.ModDiscoverer/SCAN]: Found mod file "c2me-neoforge-fixes-chunkio-threading-issues-mc1.21.1-0.4.0-alpha.0.120.jar" [parent: c2me-neoforge-mc1.21.1-0.4.0-alpha.0.120.jar, locator: jarinjar, reader: mod manifest]
[22Sep2026 20:38:58.981] [main/INFO] [net.neoforged.fml.loading.moddiscovery.ModDiscoverer/SCAN]: Found gamelibrary file "dev.ryanhcode.sable.sable-sable_rapier-1.21.1-2.0.3.jar" [parent: sable-neoforge-1.21.1-2.0.3.jar, locator: jarinjar, reader: mod manifest]
[22Sep2026 20:38:58.981] [main/INFO] [net.neoforged.fml.loading.moddiscovery.ModDiscoverer/SCAN]: Found mod file "c2me-neoforge-client-uncapvd-mc1.21.1-0.4.0-alpha.0.120.jar" [parent: c2me-neoforge-mc1.21.1-0.4.0-alpha.0.120.jar, locator: jarinjar, reader: mod manifest]
[22Sep2026 20:38:58.981] [main/INFO] [net.neoforged.fml.loading.moddiscovery.ModDiscoverer/SCAN]: Found mod file "c2me-neoforge-server-utils-mc1.21.1-0.4.0-alpha.0.120.jar" [parent: c2me-neoforge-mc1.21.1-0.4.0-alpha.0.120.jar, locator: jarinjar, reader: mod manifest]
[22Sep2026 20:38:58.981] [main/INFO] [net.neoforged.fml.loading.moddiscovery.ModDiscoverer/SCAN]: Found mod file "greenhouseconfig-2.2.3+1.21.1-neoforge.jar" [parent: BrewinAndChewin-neoforge-4.5.0+1.21.1.jar, locator: jarinjar, reader: mod manifest]
[22Sep2026 20:38:58.981] [main/INFO] [net.neoforged.fml.loading.moddiscovery.ModDiscoverer/SCAN]: Found mod file "grapplemod-compat-sable-1.0+1.21.1.neoforge-compat.jar" [parent: grapplemod-1.1+1.21.1.neoforge.jar, locator: jarinjar, reader: mod manifest]
[22Sep2026 20:38:58.981] [main/INFO] [net.neoforged.fml.loading.moddiscovery.ModDiscoverer/SCAN]: Found library file "imageio-metadata-3.12.0.jar" [parent: yet_another_config_lib_v3-3.8.2+1.21.1-neoforge.jar, locator: jarinjar]
[22Sep2026 20:38:58.981] [main/INFO] [net.neoforged.fml.loading.moddiscovery.ModDiscoverer/SCAN]: Found library file "gson-0.2.1.jar" [parent: yet_another_config_lib_v3-3.8.2+1.21.1-neoforge.jar, locator: jarinjar]
[22Sep2026 20:38:58.981] [main/INFO] [net.neoforged.fml.loading.moddiscovery.ModDiscoverer/SCAN]: Found mod file "c2me-neoforge-opts-dfc-mc1.21.1-0.4.0-alpha.0.120.jar" [parent: c2me-neoforge-mc1.21.1-0.4.0-alpha.0.120.jar, locator: jarinjar, reader: mod manifest]
[22Sep2026 20:38:58.981] [main/INFO] [net.neoforged.fml.loading.moddiscovery.ModDiscoverer/SCAN]: Found mod file "sable-companion-common-1.21.1-1.6.0.jar" [parent: simulated_addition-1.0.2.jar, locator: jarinjar, reader: mod manifest]
[22Sep2026 20:38:58.981] [main/INFO] [net.neoforged.fml.loading.moddiscovery.ModDiscoverer/SCAN]: Found mod file "flywheel-neoforge-1.21.1-1.0.6.jar" [parent: create-1.21.1-6.0.10.jar, locator: jarinjar, reader: mod manifest]
[22Sep2026 20:38:58.981] [main/INFO] [net.neoforged.fml.loading.moddiscovery.ModDiscoverer/SCAN]: Found mod file "greenhouseconfig_night_config-1.1.0.jar" [parent: greenhouseconfig_toml-1.1.0.jar, locator: jarinjar, reader: mod manifest]
[22Sep2026 20:38:58.982] [main/INFO] [net.neoforged.fml.loading.moddiscovery.ModDiscoverer/SCAN]: Found mod file "spruceui-6.2.5+1.21.1-mojmap.jar" [parent: lambdynamiclights-4.8.10+1.21.1-neoforge.jar, locator: jarinjar, reader: mod manifest]
[22Sep2026 20:38:58.982] [main/INFO] [net.neoforged.fml.loading.moddiscovery.ModDiscoverer/SCAN]: Found mod file "c2me-neoforge-notickvd-mc1.21.1-0.4.0-alpha.0.120.jar" [parent: c2me-neoforge-mc1.21.1-0.4.0-alpha.0.120.jar, locator: jarinjar, reader: mod manifest]
[22Sep2026 20:38:58.982] [main/INFO] [net.neoforged.fml.loading.moddiscovery.ModDiscoverer/SCAN]: Found mod file "yumi-mc-foundation-1.0.0-beta.1+1.21.1-mojmap.jar" [parent: lambdynamiclights-4.8.10+1.21.1-neoforge.jar, locator: jarinjar, reader: mod manifest]
[22Sep2026 20:38:58.982] [main/INFO] [net.neoforged.fml.loading.moddiscovery.ModDiscoverer/SCAN]: Found mod file "c2me-neoforge-opts-worldgen-general-mc1.21.1-0.4.0-alpha.0.120.jar" [parent: c2me-neoforge-mc1.21.1-0.4.0-alpha.0.120.jar, locator: jarinjar, reader: mod manifest]
[22Sep2026 20:38:58.982] [main/INFO] [net.neoforged.fml.loading.moddiscovery.ModDiscoverer/SCAN]: Found mod file "c2me-neoforge-opts-chunkio-mc1.21.1-0.4.0-alpha.0.120.jar" [parent: c2me-neoforge-mc1.21.1-0.4.0-alpha.0.120.jar, locator: jarinjar, reader: mod manifest]
[22Sep2026 20:38:58.982] [main/INFO] [net.neoforged.fml.loading.moddiscovery.ModDiscoverer/SCAN]: Found library file "json-0.2.1.jar" [parent: yet_another_config_lib_v3-3.8.2+1.21.1-neoforge.jar, locator: jarinjar]
[22Sep2026 20:38:58.982] [main/INFO] [net.neoforged.fml.loading.moddiscovery.ModDiscoverer/SCAN]: Found library file "MixinSquared-0.3.7-beta.1.jar" [parent: mixinsquared-neoforge-0.3.7-beta.1.jar, locator: jarinjar]
[22Sep2026 20:38:58.982] [main/INFO] [net.neoforged.fml.loading.moddiscovery.ModDiscoverer/SCAN]: Found mod file "better-advanced-tooltips-2101.1.0-build.1.jar" [parent: kubejs-neoforge-2101.7.2-build.368.jar, locator: jarinjar, reader: mod manifest]
[22Sep2026 20:38:58.982] [main/INFO] [net.neoforged.fml.loading.moddiscovery.ModDiscoverer/SCAN]: Found library file "commonmark-0.21.0.jar" [parent: mru-1.0.19+LTS+1.21.1+neoforge.jar, locator: jarinjar]
[22Sep2026 20:38:58.982] [main/INFO] [net.neoforged.fml.loading.moddiscovery.ModDiscoverer/SCAN]: Found mod file "lambdynamiclights-api-4.8.10+1.21.1-mojmap.jar" [parent: lambdynamiclights-4.8.10+1.21.1-neoforge.jar, locator: jarinjar, reader: mod manifest]
[22Sep2026 20:38:58.982] [main/INFO] [net.neoforged.fml.loading.moddiscovery.ModDiscoverer/SCAN]: Found library file "common-io-3.12.0.jar" [parent: yet_another_config_lib_v3-3.8.2+1.21.1-neoforge.jar, locator: jarinjar]
[22Sep2026 20:38:58.982] [main/INFO] [net.neoforged.fml.loading.moddiscovery.ModDiscoverer/SCAN]: Found gamelibrary file "mixinsquared-forge-0.3.3.jar" [parent: vista-1.21.1-5.3.4-neoforge.jar, locator: jarinjar, reader: mod manifest]
[22Sep2026 20:38:58.982] [main/INFO] [net.neoforged.fml.loading.moddiscovery.ModDiscoverer/SCAN]: Found mod file "lambdynamiclights-4.8.10+1.21.1-neoforge.jar" [parent: lambdynamiclights-4.8.10+1.21.1.jar, locator: jarinjar, reader: mod manifest]
[22Sep2026 20:38:58.982] [main/INFO] [net.neoforged.fml.loading.moddiscovery.ModDiscoverer/SCAN]: Found mod file "TRansition-1.0.21-1.21.1-neoforge-SNAPSHOT.jar" [parent: firstperson-neoforge-2.7.2-mc1.21.1.jar, locator: jarinjar, reader: mod manifest]
[22Sep2026 20:38:58.982] [main/INFO] [net.neoforged.fml.loading.moddiscovery.ModDiscoverer/SCAN]: Found library file "imageio-webp-3.12.0.jar" [parent: yet_another_config_lib_v3-3.8.2+1.21.1-neoforge.jar, locator: jarinjar]
[22Sep2026 20:38:58.982] [main/INFO] [net.neoforged.fml.loading.moddiscovery.ModDiscoverer/SCAN]: Found library file "caffeine-3.2.1.jar" [parent: c2me-neoforge-mc1.21.1-0.4.0-alpha.0.120.jar, locator: jarinjar]
[22Sep2026 20:38:58.982] [main/INFO] [net.neoforged.fml.loading.moddiscovery.ModDiscoverer/SCAN]: Found gamelibrary file "Registrate-MC1.21-1.3.0+67.jar" [parent: create-1.21.1-6.0.10.jar, locator: jarinjar, reader: mod manifest]
[22Sep2026 20:38:58.982] [main/INFO] [net.neoforged.fml.loading.moddiscovery.ModDiscoverer/SCAN]: Found mod file "c2me-neoforge-rewrites-chunkio-mc1.21.1-0.4.0-alpha.0.120.jar" [parent: c2me-neoforge-mc1.21.1-0.4.0-alpha.0.120.jar, locator: jarinjar, reader: mod manifest]
[22Sep2026 20:38:58.982] [main/INFO] [net.neoforged.fml.loading.moddiscovery.ModDiscoverer/SCAN]: Found library file "tiny-java-server-1.0.0-build.33.jar" [parent: kubejs-neoforge-2101.7.2-build.368.jar, locator: jarinjar]
[22Sep2026 20:38:58.982] [main/INFO] [net.neoforged.fml.loading.moddiscovery.ModDiscoverer/SCAN]: Found mod file "c2me-neoforge-opts-allocs-mc1.21.1-0.4.0-alpha.0.120.jar" [parent: c2me-neoforge-mc1.21.1-0.4.0-alpha.0.120.jar, locator: jarinjar, reader: mod manifest]
[22Sep2026 20:38:58.982] [main/INFO] [net.neoforged.fml.loading.moddiscovery.ModDiscoverer/SCAN]: Found library file "common-lang-3.12.0.jar" [parent: yet_another_config_lib_v3-3.8.2+1.21.1-neoforge.jar, locator: jarinjar]
[22Sep2026 20:38:58.982] [main/INFO] [net.neoforged.fml.loading.moddiscovery.ModDiscoverer/SCAN]: Found library file "imageio-core-3.12.0.jar" [parent: yet_another_config_lib_v3-3.8.2+1.21.1-neoforge.jar, locator: jarinjar]
[22Sep2026 20:38:58.982] [main/INFO] [net.neoforged.fml.loading.moddiscovery.ModDiscoverer/SCAN]: Found library file "asyncutil-0.1.0.jar" [parent: c2me-neoforge-mc1.21.1-0.4.0-alpha.0.120.jar, locator: jarinjar]
[22Sep2026 20:38:58.985] [main/INFO] [net.neoforged.fml.loading.moddiscovery.ModDiscoverer/]: 
     Mod List:
		Name Version (Mod Id)

		aero_copycats 1.1.0 (aerocopycats)
		Aeronautics Camera Sync 1.3.6 (aero_cam_sync)
		All The Leaks 1.1.11+1.21.1-neoforge (alltheleaks)
		Apollib 1.2.0 (apollib)
		Architectury 13.0.8 (architectury)
		AsYasya's WW1 Weaponry 1.0.0 (scgunsww1)
		Azimuth 1.4.7 (azimuth)
		Backpacked 3.0.5 (backpacked)
		BaguetteLib 2.0.3 (baguettelib)
		Barehanded 1.6.6 (barehanded)
		Better Advanced Tooltips 2101.1.0-build.1 (betteradvancedtooltips)
		Better Clouds 1.13.6+1.21.1-neoforge (betterclouds)
		Better Contraption Diagram 1.2.2 (better_contraption_diagram)
		BetterF3 11.0.3 (betterf3)
		Bits 'n' Tracks 1.0.3.1 (bits_n_tracks)
		Boulders 21.1.0 (boulders)
		Brewin' And Chewin' 4.5.0 (brewinandchewin)
		CBC: Compact Mount 1.2.2 (cbc_compact_mount)
		CBC: Locometal Armor 1.1.0 (locometal_armor)
		Chunky 1.4.23 (chunky)
		Climbable Ropes for Create Aeronautics 2.1.1 (climbable_ropes)
		Cloth Config v15 API 15.0.140 (cloth_config)
		CodecUI 1.21.1-1.3.6 (codecui)
		Concurrent Chunk Management Engine 0.4.0-alpha.0.120+1.21.1 (c2me)
		Concurrent Chunk Management Engine (Base) 0.4.0-alpha.0.120+1.21.1 (c2me_base)
		Concurrent Chunk Management Engine (Client/Uncap View Distance) 0.4.0-alpha.0.120+1.21.1 (c2me_client_uncapvd)
		Concurrent Chunk Management Engine (Fixes/Chunk IO/Threading Issues) 0.4.0-alpha.0.120+1.21.1 (c2me_fixes_chunkio_threading_issues)
		Concurrent Chunk Management Engine (Fixes/General/Threading Issues) 0.4.0-alpha.0.120+1.21.1 (c2me_fixes_general_threading_issues)
		Concurrent Chunk Management Engine (Fixes/WorldGen/Threading Issues) 0.4.0-alpha.0.120+1.21.1 (c2me_fixes_worldgen_threading_issues)
		Concurrent Chunk Management Engine (Fixes/WorldGen/Vanilla Bugs) 0.4.0-alpha.0.120+1.21.1 (c2me_fixes_worldgen_vanilla_bugs)
		Concurrent Chunk Management Engine (No Tick View Distance) 0.4.0-alpha.0.120+1.21.1 (c2me_notickvd)
		Concurrent Chunk Management Engine (Optimizations/Chunk IO) 0.4.0-alpha.0.120+1.21.1 (c2me_opts_chunkio)
		Concurrent Chunk Management Engine (Optimizations/Density Function Compiler) 0.4.0-alpha.0.120+1.21.1 (c2me_opts_dfc)
		Concurrent Chunk Management Engine (Optimizations/General WorldGen) 0.4.0-alpha.0.120+1.21.1 (c2me_opts_worldgen_general)
		Concurrent Chunk Management Engine (Optimizations/Math) 0.4.0-alpha.0.120+1.21.1 (c2me_opts_math)
		Concurrent Chunk Management Engine (Optimizations/Memory Allocations) 0.4.0-alpha.0.120+1.21.1 (c2me_opts_allocs)
		Concurrent Chunk Management Engine (Optimizations/Natives Math) 0.4.0-alpha.0.120+1.21.1 (c2me_opts_natives_math)
		Concurrent Chunk Management Engine (Optimizations/Scheduling) 0.4.0-alpha.0.120+1.21.1 (c2me_opts_scheduling)
		Concurrent Chunk Management Engine (Optimizations/Vanilla WorldGen) 0.4.0-alpha.0.120+1.21.1 (c2me_opts_worldgen_vanilla)
		Concurrent Chunk Management Engine (Rewrites/Chunk IO) 0.4.0-alpha.0.120+1.21.1 (c2me_rewrites_chunkio)
		Concurrent Chunk Management Engine (Rewrites/Chunk System) 0.4.0-alpha.0.120+1.21.1 (c2me_rewrites_chunk_system)
		Concurrent Chunk Management Engine (Server Utils) 0.4.0-alpha.0.120+1.21.1 (c2me_server_utils)
		Concurrent Chunk Management Engine (Threading/Lighting) 0.4.0-alpha.0.120+1.21.1 (c2me_threading_lighting)
		Configured 2.6.3 (configured)
		Controlling 19.0.5 (controlling)
		Cool Rain 1.0.1 (coolrain)
		Crawl on Demand 1.2.0 (crawlondemand)
		Creat Aeronautics Structures 1.1.0-Beta-3.1 (cr_aero_structures)
		Create 6.0.10 (create)
		Create Aeronautics 1.3.0 (aeronautics_bundled)
		Create Aeronautics 1.3.0 (aeronautics)
		Create Aeronautics Curios Compat 2.0 (aeronautics_curios_compat)
		Create Aeronautics Lift Fix 1.0.0 (ldfix)
		Create Aeronautics: Encased Fluid Pipes 1.0.7 (aeroencasedpipe)
		Create Aeronautics: Transmission & Linkage 0.2.5 (aeronautics_utility_objects)
		Create Big Cannons 5.11.3 (createbigcannons)
		Create Big Cannons: Equally Opposite 0.1.3 (cbc_equally_opposite)
		Create Bits 'n' Bobs 2.2.7 (bits_n_bobs)
		Create cobblestone 1.4.12+neoforge-1.21.1-144 (createcobblestone)
		Create Compact Flap 1.0.4 (compactflap)
		Create Compatibility Module 1.0+1.21.1.neoforge (grapplemodcompat_create)
		Create Crafts & Additions 1.6.0 (createaddition)
		Create Deco 2.1.3 (createdeco)
		Create Deep Seas 2.2.4 (create_submarine)
		Create Diesel Generators 1.21.1-1.3.15 (createdieselgenerators)
		Create Offroad 1.3.0 (offroad)
		Create Simulated 1.3.0 (simulated)
		Create Tracks 1.0.1 (tracks)
		Create Tweaked Controllers 1.21.1-1.2.7 (create_tweaked_controllers)
		Create: Aeroworks 1.4.2 (aeroworks)
		Create: Ballast 0.1.0 (ballastmod)
		Create: Connected 1.3.2-mc1.21.1 (create_connected)
		Create: Copycats+ 3.0.4+mc.1.21.1-neoforge (copycats)
		Create: Gunpowder 1.0.1 (creategunpowder)
		Create: Interiors 0.6.1 (interiors)
		Create: Radars 0.4.9.4-1.21.1 (create_radar)
		Create: Steam 'n' Rails 1.21.1 0.3.0-alpha.2+neoforge-mc1.21.1 (railways)
		Create: Transmission 1.2.1+neoforge-create6-1.21.1 (createtransmission)
		createburnerfuel 1.0.2 (createburnerfuel)
		Curios API 9.5.1+1.21.1 (curios)
		Design n' Decor 2.2b (dndecor)
		Drive By Wire 0.3.0 (drivebywire)
		Effectual 1.4.0-1.21.1 (effectual)
		Effortless Structure 3.4.0 (effortless)
		Entity Model Features 3.2.4 (entity_model_features)
		Entity Texture Features 7.1 (entity_texture_features)
		EntityCulling 1.10.5 (entityculling)
		Explosion Overhaul: A new level of destruction 0.2.3.0-neoforge (explosionoverhaul)
		Farmer's Delight 1.3.2 (farmersdelight)
		Ferrite Core 7.0.3 (ferritecore)
		FirstPerson 2.7.2 (firstperson)
		Fly Higher 1.0.2 (flyhigher)
		Flywheel 1.0.6 (flywheel)
		Forgified Fabric API Base 0.4.42+d1308ded19 (fabric_api_base)
		Forgified Fabric BlockView API (v2) 1.0.10+9afaaf8c19 (fabric_block_view_api_v2)
		Forgified Fabric Renderer API (v1) 3.4.1+9125b6dc19 (fabric_renderer_api_v1)
		Forgified Fabric Rendering Data Attachment (v1) 0.3.48+73761d2e19 (fabric_rendering_data_attachment_v1)
		Framework 0.13.11 (framework)
		GeckoLib 4 4.9.2 (geckolib)
		Glaiden's Audio Compat (Create / Aeronautics) 1.0.0 (glaidens_audio_compat)
		Glaiden's Audio Mod 1.3.7 (glaidens_radio_mod)
		Grappling Hook Mod 1.1+1.21.1.neoforge (grapplemod)
		Greenhouse Config 2.2.3+1.21.1 (greenhouseconfig)
		Greenhouse Config - Night Config 1.1.0 (greenhouseconfig_night_config)
		Greenhouse Config - TOML 1.1.0 (greenhouseconfig_toml)
		HT's TreeChop 0.19.3 (treechop)
		Immersive Thunder 1.3.0 (immersivethunder)
		Iron's Lib 1.21.1-2.1.0 (irons_lib)
		Iron's RPG Tweaks 2.2.3 (irons_rpg_tweaks)
		Iron's Simple Blood 1.21.1-1.0.4 (simpleblood)
		Item Obliterator 2.3.0 (item_obliterator)
		Jade 15.10.5+neoforge (jade)
		Just Enough Items 19.36.0.360 (jei)
		KubeJS 2101.7.2-build.368 (kubejs)
		KubeJS Create 2101.3.1-build.18 (kubejs_create)
		LambDynamicLights 4.8.10+1.21.1 (lambdynlights)
		LambDynamicLights (API) 4.8.10+1.21.1 (lambdynlights_api)
		LambDynamicLights (Runtime) 4.8.10+1.21.1 (lambdynlights_runtime)
		Lan Server Properties 1.13.2 (lanserverproperties)
		LinearBearing 1.3.5 (linearbearing)
		Lithium 0.15.4+mc1.21.1 (lithium)
		Lithostitched 1.8.0+beta4 (lithostitched)
		LootJS 1.21.1-3.7.0 (lootjs)
		Luki's Strongholds 1-v1.0 (mr_lukis_strongholds)
		M.R.U 1.0.19+LTS+1.21.1+neoforge (mru)
		Medieval Buildings 1.1.1 (medieval_buildings)
		Minecraft 1.21.1 (minecraft)
		Minecraft Cursor 3.11.3+1.21.1 (minecraft_cursor)
		ModernFix 5.27.20+mc1.21.1 (modernfix)
		Moog's Structure Lib 3.0.1 (moogs_structures)
		MoogsEndStructures 2.0.3 (mes)
		Moonlight Lib 1.21.1-3.3.3 (moonlight)
		Mouse Tweaks 2.26.1 (mousetweaks)
		Natural Temperature 1.1.10 (naturaltemperature)
		Necronomicon 1.6.0 (necronomicon)
		NeoForge 21.1.251 (neoforge)
		Noisium 2.7.0+mc1.21-1.21.1 (noisium)
		NotEnoughAnimations 1.12.4 (notenoughanimations)
		Nullscape 1.2.14 (nullscape)
		PackagersPSIC 1.0.0 (packagerspsic)
		Particle Rain 4.0.0-beta.10 (particlerain)
		Paxi 1.21.1-NeoForge-5.1.3 (paxi)
		Player Animator 2.0.4+1.21.1 (playeranimator)
		Ponder 1.0.82+mc1.21.1 (ponder)
		Pride Lib 1.2.4+1.21.1 (pride)
		QuickSkin 2.6.2.4 (quickskin)
		Regions Unexplored 0.6.2 (regions_unexplored)
		Rhino 2101.2.7-build.85 (rhino)
		Ritchie's Projectile Library 2.1.2 (ritchiesprojectilelib)
		Rope Structure Fix 1.5.3 (ropefix)
		Sable 2.0.3 (sable)
		Sable Beyond 0.5.0 (sable_beyond)
		Sable Companion 1.6.0 (sablecompanion)
		Sable Compatibility Module 1.0+1.21.1.neoforge (grapplemodcompat_sable)
		Sable Dynamic Lights 2.0.1 (sabledynlights)
		Sable Ragdolls 0.7.5 (sable_player_ragdoll)
		Sable Ragdolls Patch 1.9 (sable_player_ragdoll_patch)
		Sable: Ragdoll Corpse 0.3.0 (ragdoll_corpse)
		SableMassView 1.0.0 (sablemassview)
		Scorched Guns 1.5 (scguns)
		Searchables 1.0.2 (searchables)
		Simple Fog Control 2.0.5 (simplefog)
		Simple Voice Chat 1.21.1-2.6.20 (voicechat)
		Simulated Addition 1.0.2 (simulated_addition)
		Sodium 0.8.13-beta.2+mc1.21.1 (sodium)
		Sodium Extras 1.0.7 (sodiumextras)
		Sound Physics Remastered 1.21.1-1.5.1 (sound_physics_remastered)
		Sounds 2.4.22+lts (sounds)
		Spice of Life: Valheim Reforged 1.1.6 (sol_valheim_reforged)
		SpruceUI 6.2.5+1.21.1 (spruceui)
		Steel armor blocks 1.4.3 (s_a_b)
		Stony Cliffs Are Cool 1.1.2 (stonycliffs)
		StreamsReflowing 2.12.8 (streamsreflowing)
		Structurify 2.0.28 (structurify)
		Strut Your Stuff 1.3.0 (struts)
		SWL Mod 0.0.1 (swlmod)
		Tectonic 3.0.26 (tectonic)
		TerraBlender 4.1.0.8 (terrablender)
		Thick Air 1.1.2 (thick_air)
		TLib 1.5.0-1.21.1 (tlib)
		TRansition 1.0.21 (transition)
		TRender 1.0.15 (trender)
		Veil 4.1.4 (veil)
		Vista 1.21.1-5.3.4 (vista)
		VS Sable Hose Connectors 0.1.8 (vsfluidlink)
		YetAnotherConfigLib 3.8.2+1.21.1-neoforge (yet_another_config_lib_v3)
		Yumi Minecraft Libraries: Foundation 1.0.0-beta.1+1.21.1 (yumi_mc_core)
		YUNG's API 1.21.1-NeoForge-5.1.6 (yungsapi)
[22Sep2026 20:38:59.031] [main/ERROR] [net.neoforged.fml.loading.moddiscovery.ModFile/LOADING]: Access transformer file META-INF/accesstransformer.cfg provided by mod pride does not exist!
[22Sep2026 20:39:00.837] [main/INFO] [mixin/]: Compatibility level set to JAVA_21
[22Sep2026 20:39:01.052] [main/INFO] [cpw.mods.modlauncher.LaunchServiceHandler/MODLAUNCHER]: Launching target 'forgeclient' with arguments [--version, 1.21.1, --gameDir, D:\MINECRAFT\instances\aeronautica 6.0\minecraft, --assetsDir, C:\Users\porhohub\AppData\Roaming\PrismLauncher\assets, --uuid, 0159434edc3037f589537b7feba48ada, --username, ladno0441, --assetIndex, 17, --accessToken, ❄❄❄❄❄❄❄❄, --userType, offline, --versionType, release, --width, 854, --height, 480]
[22Sep2026 20:39:01.162] [main/INFO] [C2ME Modules Manager/]: Initializing com.ishland.c2me.fixes.worldgen.threading_issues.mixin
[22Sep2026 20:39:01.196] [main/INFO] [C2ME Modules Manager/]: Initializing com.ishland.c2me.fixes.general.threading_issues.mixin
[22Sep2026 20:39:01.324] [main/INFO] [ModernFix/]: Loaded configuration file for ModernFix 5.27.20+mc1.21.1: 89 options available, 4 override(s) found
[22Sep2026 20:39:01.325] [main/WARN] [ModernFix/]: Option 'mixin.perf.release_protochunks' overriden (by mods [c2me]) to 'false'
[22Sep2026 20:39:01.325] [main/WARN] [ModernFix/]: Option 'mixin.bugfix.paper_chunk_patches' overriden (by mods [c2me]) to 'false'
[22Sep2026 20:39:01.325] [main/WARN] [ModernFix/]: Option 'mixin.perf.cache_strongholds' overriden (by mods [c2me]) to 'false'
[22Sep2026 20:39:01.325] [main/WARN] [ModernFix/]: Option 'mixin.bugfix.chunk_deadlock' overriden (by mods [c2me]) to 'false'
[22Sep2026 20:39:01.326] [main/INFO] [ModernFix/]: Applying Nashorn fix
[22Sep2026 20:39:01.327] [main/INFO] [ModernFix/]: Configuring Minecraft's max.bg.threads option with 9 threads
[22Sep2026 20:39:01.333] [main/WARN] [mixin/]: Reference map 'yungsapi.refmap.json' for yungsapi.mixins.json could not be read. If this is a development environment you can ignore this message
[22Sep2026 20:39:01.363] [main/WARN] [mixin/]: Reference map 'createdieselgenerators.refmap.json' for createdieselgenerators.mixins.json could not be read. If this is a development environment you can ignore this message
[22Sep2026 20:39:01.364] [main/INFO] [C2ME Modules Manager/]: Initializing com.ishland.c2me.base.mixin
[22Sep2026 20:39:01.424] [main/INFO] [C2ME Config System/]: Global Executor Parallelism: 6 configured, 6 evaluated, 6 default evaluated
[22Sep2026 20:39:01.429] [main/INFO] [C2ME Modules Manager/]: Initializing com.ishland.c2me.opts.dfc.mixin
[22Sep2026 20:39:01.432] [main/WARN] [mixin/]: Reference map 'curios.refmap.json' for curios.neoforge.mixins.json could not be read. If this is a development environment you can ignore this message
[22Sep2026 20:39:01.433] [main/WARN] [mixin/]: Reference map 'curios.refmap.json' for curios.mixins.json could not be read. If this is a development environment you can ignore this message
[22Sep2026 20:39:01.434] [main/WARN] [mixin/]: Reference map 'searchables.refmap.json' for searchables.mixins.json could not be read. If this is a development environment you can ignore this message
[22Sep2026 20:39:01.435] [main/WARN] [mixin/]: Reference map 'searchables.refmap.json' for searchables.neoforge.mixins.json could not be read. If this is a development environment you can ignore this message
[22Sep2026 20:39:01.439] [main/WARN] [mixin/]: Reference map 'create_tweaked_controllers.refmap.json' for create_tweaked_controllers.mixins.json could not be read. If this is a development environment you can ignore this message
[22Sep2026 20:39:01.439] [main/INFO] [C2ME Modules Manager/]: Initializing com.ishland.c2me.threading.lighting.mixin
[22Sep2026 20:39:01.442] [main/WARN] [mixin/]: Reference map 'structurify.refmap.json' for structurify-common.mixins.json could not be read. If this is a development environment you can ignore this message
[22Sep2026 20:39:01.443] [main/WARN] [mixin/]: Reference map 'structurify.refmap.json' for structurify-neoforge.mixins.json could not be read. If this is a development environment you can ignore this message
[22Sep2026 20:39:01.443] [main/WARN] [mixin/]: Reference map 'irons_lib.refmap.json' for irons_lib.mixins.json could not be read. If this is a development environment you can ignore this message
[22Sep2026 20:39:01.474] [main/INFO] [LithiumConfig/]: Option 'mixin.experimental.entity.block_caching.suffocation' requires 'mixin.util.block_tracking=true' but found 'false'. Setting 'mixin.experimental.entity.block_caching.suffocation=false'.
[22Sep2026 20:39:01.475] [main/INFO] [LithiumConfig/]: Option 'mixin.experimental.entity.block_caching.block_support' requires 'mixin.util.block_tracking=true' but found 'false'. Setting 'mixin.experimental.entity.block_caching.block_support=false'.
[22Sep2026 20:39:01.475] [main/INFO] [LithiumConfig/]: Option 'mixin.experimental.entity.block_caching.block_touching' requires 'mixin.util.block_tracking=true' but found 'false'. Setting 'mixin.experimental.entity.block_caching.block_touching=false'.
[22Sep2026 20:39:01.475] [main/INFO] [LithiumConfig/]: Option 'mixin.experimental.entity.block_caching' requires 'mixin.util.block_tracking=true' but found 'false'. Setting 'mixin.experimental.entity.block_caching=false'.
[22Sep2026 20:39:01.475] [main/INFO] [Lithium/]: Loaded configuration file for Lithium: 148 options available, 4 override(s) found
[22Sep2026 20:39:01.482] [main/WARN] [mixin/]: Reference map 'aeronautics.refmap.json' for aeronautics.mixins.json could not be read. If this is a development environment you can ignore this message
[22Sep2026 20:39:01.484] [main/WARN] [mixin/]: Reference map 'paxi.refmap.json' for paxi.mixins.json could not be read. If this is a development environment you can ignore this message
[22Sep2026 20:39:01.485] [main/WARN] [mixin/]: Reference map 'paxi.refmap.json' for paxi_neoforge.mixins.json could not be read. If this is a development environment you can ignore this message
[22Sep2026 20:39:01.486] [main/INFO] [C2ME Modules Manager/]: Initializing com.ishland.c2me.rewrites.chunksystem.mixin
[22Sep2026 20:39:01.488] [main/WARN] [mixin/]: Reference map 'simplefog.refmap.json' for simplefog.mixins.json could not be read. If this is a development environment you can ignore this message
[22Sep2026 20:39:01.489] [main/INFO] [C2ME Modules Manager/]: Initializing com.ishland.c2me.opts.worldgen.vanilla.mixin
[22Sep2026 20:39:01.490] [main/INFO] [C2ME Modules Manager/]: Initializing com.ishland.c2me.opts.scheduling.mixin
[22Sep2026 20:39:01.492] [main/WARN] [mixin/]: Reference map 'offroad.refmap.json' for offroad.mixins.json could not be read. If this is a development environment you can ignore this message
[22Sep2026 20:39:01.493] [main/WARN] [mixin/]: Reference map 'terrablender.refmap.json' for terrablender.mixins.json could not be read. If this is a development environment you can ignore this message
[22Sep2026 20:39:01.493] [main/WARN] [mixin/]: Reference map 'terrablender.refmap.json' for terrablender_neoforge.mixins.json could not be read. If this is a development environment you can ignore this message
[22Sep2026 20:39:01.518] [main/WARN] [mixin/]: Reference map '' for brewinandchewin.mixins.json could not be read. If this is a development environment you can ignore this message
[22Sep2026 20:39:01.524] [main/WARN] [mixin/]: Reference map 'ponder.refmap.json' for ponder-common.mixins.json could not be read. If this is a development environment you can ignore this message
[22Sep2026 20:39:01.525] [main/INFO] [C2ME Modules Manager/]: Initializing com.ishland.c2me.notickvd.mixin
[22Sep2026 20:39:01.537] [main/WARN] [mixin/]: Reference map 'entityculling.refmap.mixins.json' for entityculling.mixins.json could not be read. If this is a development environment you can ignore this message
[22Sep2026 20:39:01.538] [main/WARN] [mixin/]: Reference map 'backpacked.refmap.json' for backpacked.common.mixins.json could not be read. If this is a development environment you can ignore this message
[22Sep2026 20:39:01.539] [main/WARN] [mixin/]: Reference map 'treechop.mixins.refmap.json' for treechop.mixins.json could not be read. If this is a development environment you can ignore this message
[22Sep2026 20:39:01.540] [main/WARN] [mixin/]: Reference map 'geckolib.refmap.json' for geckolib.mixins.json could not be read. If this is a development environment you can ignore this message
[22Sep2026 20:39:01.541] [main/WARN] [mixin/]: Reference map 'explosionoverhaul.mixins.refmap.json' for explosionoverhaul.mixins.json could not be read. If this is a development environment you can ignore this message
[22Sep2026 20:39:01.542] [main/INFO] [C2ME Modules Manager/]: Initializing com.ishland.c2me.opts.natives_math.mixin
[22Sep2026 20:39:01.543] [main/WARN] [C2ME Modules Manager/]: Disabling com.ishland.c2me.opts.natives_math.mixin due to incompatible Java version, see debug logs for details
[22Sep2026 20:39:01.543] [main/INFO] [C2ME Modules Manager/]: Disabling com.ishland.c2me.opts.natives_math.mixin
[22Sep2026 20:39:01.545] [main/WARN] [mixin/]: Reference map 'controlling.refmap.json' for controlling.mixins.json could not be read. If this is a development environment you can ignore this message
[22Sep2026 20:39:01.545] [main/WARN] [mixin/]: Reference map 'controlling.refmap.json' for controlling.neoforge.mixins.json could not be read. If this is a development environment you can ignore this message
[22Sep2026 20:39:01.545] [main/WARN] [mixin/]: Reference map 'sable_player_ragdoll_patch.refmap.json' for sable_player_ragdoll_patch.mixins.json could not be read. If this is a development environment you can ignore this message
[22Sep2026 20:39:01.546] [main/WARN] [mixin/]: Reference map 'sable_player_ragdoll_patch.refmap.json' for sable_player_ragdoll_patch.corpse.mixins.json could not be read. If this is a development environment you can ignore this message
[22Sep2026 20:39:01.546] [main/WARN] [mixin/]: Reference map 'sable_player_ragdoll_patch.refmap.json' for sable_player_ragdoll_patch.ruok.mixins.json could not be read. If this is a development environment you can ignore this message
[22Sep2026 20:39:01.546] [main/WARN] [mixin/]: Reference map 'sable_player_ragdoll_patch.refmap.json' for sable_player_ragdoll_patch.leawind.mixins.json could not be read. If this is a development environment you can ignore this message
[22Sep2026 20:39:01.547] [main/WARN] [mixin/]: Reference map 'sable_player_ragdoll_patch.refmap.json' for sable_player_ragdoll_patch.punchy.mixins.json could not be read. If this is a development environment you can ignore this message
[22Sep2026 20:39:01.547] [main/WARN] [mixin/]: Reference map 'simulated.refmap.json' for simulated.mixins.json could not be read. If this is a development environment you can ignore this message
[22Sep2026 20:39:01.547] [main/INFO] [C2ME Modules Manager/]: Initializing com.ishland.c2me.opts.math.mixin
[22Sep2026 20:39:01.548] [main/WARN] [mixin/]: Reference map 'mixins.medieval_buildings.refmap.json' for mixins.medieval_buildings.json could not be read. If this is a development environment you can ignore this message
[22Sep2026 20:39:01.561] [main/WARN] [mixin/]: Reference map '' for betterclouds.required.mixins.json could not be read. If this is a development environment you can ignore this message
[22Sep2026 20:39:01.562] [main/WARN] [mixin/]: Reference map '' for betterclouds.optional.mixins.json could not be read. If this is a development environment you can ignore this message
[22Sep2026 20:39:01.564] [main/WARN] [mixin/]: Reference map '' for betterclouds.runtime.mixins.json could not be read. If this is a development environment you can ignore this message
[22Sep2026 20:39:01.564] [main/INFO] [C2ME Modules Manager/]: Initializing com.ishland.c2me.fixes.worldgen.vanilla_bugs.mixin
[22Sep2026 20:39:01.565] [main/WARN] [mixin/]: Reference map 'irons_spellbooks.refmap.json' for mixins.irons_rpg_tweaks.json could not be read. If this is a development environment you can ignore this message
[22Sep2026 20:39:01.567] [main/WARN] [mixin/]: Reference map 'create_connected.refmap.json' for create_connected.mixins.json could not be read. If this is a development environment you can ignore this message
[22Sep2026 20:39:01.569] [main/INFO] [C2ME Modules Manager/]: Initializing com.ishland.c2me.fixes.chunkio.threading_issues.mixin
[22Sep2026 20:39:01.570] [main/INFO] [C2ME Modules Manager/]: Initializing com.ishland.c2me.client.uncapvd.mixin
[22Sep2026 20:39:01.572] [main/INFO] [com.naturaltemperature.NaturalTemperature/]: [NaturalTemperature] Mixin plugin loaded: com.naturaltemperature.mixin
[22Sep2026 20:39:01.598] [main/WARN] [mixin/]: Reference map 'lsp.refmap.json' for lsp.mixins.json could not be read. If this is a development environment you can ignore this message
[22Sep2026 20:39:01.599] [main/WARN] [mixin/]: Reference map 'moogs_structures.refmap.json' for moogs_structures-common.mixins.json could not be read. If this is a development environment you can ignore this message
[22Sep2026 20:39:01.599] [main/INFO] [C2ME Modules Manager/]: Initializing com.ishland.c2me.rewrites.chunkio.mixin
[22Sep2026 20:39:01.600] [main/WARN] [mixin/]: Reference map 'crawlondemand.refmap.json' for crawlondemand.mixins.json could not be read. If this is a development environment you can ignore this message
[22Sep2026 20:39:01.600] [main/WARN] [mixin/]: Reference map 'crawlondemand.refmap.json' for crawlondemand.neoforge.mixins.json could not be read. If this is a development environment you can ignore this message
[22Sep2026 20:39:01.601] [main/INFO] [C2ME Modules Manager/]: Initializing com.ishland.c2me.opts.allocs.mixin
[22Sep2026 20:39:01.606] [main/WARN] [mixin/]: Reference map 'particlerain.refmap.json' for particlerain.mixins.json could not be read. If this is a development environment you can ignore this message
[22Sep2026 20:39:01.608] [main/WARN] [mixin/]: Reference map 'dndecor.refmap.json' for dndecor.mixins.json could not be read. If this is a development environment you can ignore this message
[22Sep2026 20:39:01.611] [main/WARN] [mixin/]: Reference map 'scguns.refmap.json' for scguns.mixins.json could not be read. If this is a development environment you can ignore this message
[22Sep2026 20:39:01.612] [main/WARN] [mixin/]: Reference map 'bits_n_bobs.refmap.json' for bits_n_bobs.mixins.json could not be read. If this is a development environment you can ignore this message
[22Sep2026 20:39:01.614] [main/INFO] [dev.ryanhcode.sable.mixin.AbstractSableMixinPlugin/]: Using Sodium renderer mixins
[22Sep2026 20:39:01.614] [main/INFO] [dev.ryanhcode.sable.mixin.AbstractSableMixinPlugin/]: Using Sodium renderer mixins
[22Sep2026 20:39:01.615] [main/WARN] [mixin/]: Reference map 'bits_n_tracks.refmap.json' for bits_n_tracks.mixins.json could not be read. If this is a development environment you can ignore this message
[22Sep2026 20:39:01.633] [main/INFO] [Sodium/]: Loaded configuration file for Sodium: 45 options available, 0 override(s) found
[22Sep2026 20:39:01.635] [main/WARN] [mixin/]: Reference map 'scguns.refmap.json' for scgunsww1.mixins.json could not be read. If this is a development environment you can ignore this message
[22Sep2026 20:39:01.635] [main/WARN] [mixin/]: Reference map 'drivebywire.refmap.json' for drivebywire.mixins.json could not be read. If this is a development environment you can ignore this message
[22Sep2026 20:39:01.640] [main/WARN] [mixin/]: Reference map '${mod_id}.refmap.json' for regions_unexplored.mixins.json could not be read. If this is a development environment you can ignore this message
[22Sep2026 20:39:01.641] [main/WARN] [mixin/]: Reference map '${mod_id}.refmap.json' for regions_unexplored.neoforge.mixins.json could not be read. If this is a development environment you can ignore this message
[22Sep2026 20:39:01.641] [main/WARN] [mixin/]: Reference map 'sable_player_ragdoll.refmap.json' for sable_player_ragdoll.mixins.json could not be read. If this is a development environment you can ignore this message
[22Sep2026 20:39:01.641] [main/WARN] [mixin/]: Reference map 'sable_player_ragdoll.refmap.json' for sable_player_ragdoll.neoforge.mixins.json could not be read. If this is a development environment you can ignore this message
[22Sep2026 20:39:01.642] [main/WARN] [mixin/]: Reference map 'barehanded.refmap.json' for barehanded.mixins.json could not be read. If this is a development environment you can ignore this message
[22Sep2026 20:39:01.642] [main/INFO] [C2ME Modules Manager/]: Initializing com.ishland.c2me.server.utils.mixin
[22Sep2026 20:39:01.644] [main/WARN] [mixin/]: Reference map 'packagerspsic.refmap.json' for packagerspsic.mixins.json could not be read. If this is a development environment you can ignore this message
[22Sep2026 20:39:01.645] [main/WARN] [mixin/]: Reference map 'immersivethunder.refmap.json' for immersivethunder.mixins.json could not be read. If this is a development environment you can ignore this message
[22Sep2026 20:39:01.645] [main/WARN] [mixin/]: Reference map 'createradar.refmap.json' for create_radar.mixins.json could not be read. If this is a development environment you can ignore this message
[22Sep2026 20:39:01.645] [main/INFO] [C2ME Modules Manager/]: Initializing com.ishland.c2me.opts.worldgen.general.mixin
[22Sep2026 20:39:01.646] [main/INFO] [C2ME Modules Manager/]: Initializing com.ishland.c2me.opts.chunkio.mixin
[22Sep2026 20:39:01.665] [main/WARN] [mixin/]: Reference map '${refmap_target}refmap.json' for ferritecore.predicates.mixin.json could not be read. If this is a development environment you can ignore this message
[22Sep2026 20:39:01.666] [main/WARN] [mixin/]: Reference map '${refmap_target}refmap.json' for ferritecore.fastmap.mixin.json could not be read. If this is a development environment you can ignore this message
[22Sep2026 20:39:01.667] [main/WARN] [mixin/]: Reference map '${refmap_target}refmap.json' for ferritecore.mrl.mixin.json could not be read. If this is a development environment you can ignore this message
[22Sep2026 20:39:01.668] [main/WARN] [mixin/]: Reference map '${refmap_target}refmap.json' for ferritecore.dedupmultipart.mixin.json could not be read. If this is a development environment you can ignore this message
[22Sep2026 20:39:01.669] [main/WARN] [mixin/]: Reference map '${refmap_target}refmap.json' for ferritecore.blockstatecache.mixin.json could not be read. If this is a development environment you can ignore this message
[22Sep2026 20:39:01.670] [main/WARN] [mixin/]: Reference map '${refmap_target}refmap.json' for ferritecore.dedupbakedquad.mixin.json could not be read. If this is a development environment you can ignore this message
[22Sep2026 20:39:01.671] [main/WARN] [mixin/]: Reference map '${refmap_target}refmap.json' for ferritecore.threaddetec.mixin.json could not be read. If this is a development environment you can ignore this message
[22Sep2026 20:39:01.672] [main/WARN] [mixin/]: Reference map '${refmap_target}refmap.json' for ferritecore.modelsides.mixin.json could not be read. If this is a development environment you can ignore this message
[22Sep2026 20:39:01.673] [main/WARN] [mixin/]: Reference map '${refmap_target}refmap.json' for ferritecore.datacomponents.mixin.json could not be read. If this is a development environment you can ignore this message
[22Sep2026 20:39:01.673] [main/WARN] [mixin/]: Reference map '${refmap_target}refmap.json' for ferritecore.accessors.mixin.json could not be read. If this is a development environment you can ignore this message
[22Sep2026 20:39:01.674] [main/WARN] [mixin/]: Reference map 'yet_another_config_lib_v3.refmap.json' for yacl.mixins.json could not be read. If this is a development environment you can ignore this message
[22Sep2026 20:39:01.675] [main/WARN] [mixin/]: Reference map 'sound_physics_remastered.refmap.json' for sound_physics_remastered.mixins.json could not be read. If this is a development environment you can ignore this message
[22Sep2026 20:39:01.775] [main/WARN] [mixin/]: Error loading class: net/caffeinemc/mods/sodium/client/gui/SodiumGameOptionPages (java.lang.ClassNotFoundException: net.caffeinemc.mods.sodium.client.gui.SodiumGameOptionPages)
[22Sep2026 20:39:01.776] [main/WARN] [mixin/]: @Mixin target net.caffeinemc.mods.sodium.client.gui.SodiumGameOptionPages was not found mixins.sodiumextras.json:impl.sodium.EmbPagesMixin from mod sodiumextras
[22Sep2026 20:39:01.803] [main/WARN] [mixin/]: Error loading class: net/caffeinemc/mods/sodium/client/gui/SodiumOptionsGUI (java.lang.ClassNotFoundException: net.caffeinemc.mods.sodium.client.gui.SodiumOptionsGUI)
[22Sep2026 20:39:01.803] [main/WARN] [mixin/]: @Mixin target net.caffeinemc.mods.sodium.client.gui.SodiumOptionsGUI was not found mixins.sodiumextras.json:impl.sodium.EmbOptionsMixin from mod sodiumextras
[22Sep2026 20:39:02.133] [main/WARN] [mixin/]: Error loading class: net/irisshaders/iris/pipeline/PipelineManager (java.lang.ClassNotFoundException: net.irisshaders.iris.pipeline.PipelineManager)
[22Sep2026 20:39:02.133] [main/WARN] [mixin/]: @Mixin target net.irisshaders.iris.pipeline.PipelineManager was not found veil.neoforge.mixins.json:client.perspective.iris.PipelineManagerMixin from mod veil
[22Sep2026 20:39:02.183] [main/WARN] [mixin/]: Error loading class: org/violetmoon/quark/content/automation/block/be/EnderWatcherBlockEntity (java.lang.ClassNotFoundException: org.violetmoon.quark.content.automation.block.be.EnderWatcherBlockEntity)
[22Sep2026 20:39:02.202] [main/WARN] [mixin/]: Error loading class: net/irisshaders/iris/compat/dh/DHCompat (java.lang.ClassNotFoundException: net.irisshaders.iris.compat.dh.DHCompat)
[22Sep2026 20:39:02.202] [main/WARN] [mixin/]: @Mixin target net.irisshaders.iris.compat.dh.DHCompat was not found vista-common.mixins.json:CompatIrisDhCompat from mod vista
[22Sep2026 20:39:02.203] [main/WARN] [mixin/]: Error loading class: net/irisshaders/iris/uniforms/SystemTimeUniforms$FrameCounter (java.lang.ClassNotFoundException: net.irisshaders.iris.uniforms.SystemTimeUniforms$FrameCounter)
[22Sep2026 20:39:02.203] [main/WARN] [mixin/]: Error loading class: net/irisshaders/iris/pipeline/PipelineManager (java.lang.ClassNotFoundException: net.irisshaders.iris.pipeline.PipelineManager)
[22Sep2026 20:39:02.204] [main/WARN] [mixin/]: Error loading class: net/irisshaders/iris/pipeline/IrisRenderingPipeline (java.lang.ClassNotFoundException: net.irisshaders.iris.pipeline.IrisRenderingPipeline)
[22Sep2026 20:39:02.205] [main/WARN] [mixin/]: Error loading class: net/irisshaders/iris/uniforms/SystemTimeUniforms$Timer (java.lang.ClassNotFoundException: net.irisshaders.iris.uniforms.SystemTimeUniforms$Timer)
[22Sep2026 20:39:02.206] [main/WARN] [mixin/]: Error loading class: dev/nonamecrackers2/simpleclouds/client/renderer/SimpleCloudsRenderer (java.lang.ClassNotFoundException: dev.nonamecrackers2.simpleclouds.client.renderer.SimpleCloudsRenderer)
[22Sep2026 20:39:02.275] [main/WARN] [mixin/]: Error loading class: xfacthd/framedblocks/common/blockentity/doubled/slab/FramedAdjustableDoubleBlockEntity (java.lang.ClassNotFoundException: xfacthd.framedblocks.common.blockentity.doubled.slab.FramedAdjustableDoubleBlockEntity)
[22Sep2026 20:39:02.275] [main/WARN] [mixin/]: @Mixin target xfacthd.framedblocks.common.blockentity.doubled.slab.FramedAdjustableDoubleBlockEntity was not found createbigcannons.mixins.json:compat.framedblocks.FramedAdjustableDoubleBlockEntityAccessor from mod createbigcannons
[22Sep2026 20:39:02.285] [main/WARN] [mixin/]: Error loading class: ca/spottedleaf/starlight/common/thread/SchedulingUtil (java.lang.ClassNotFoundException: ca.spottedleaf.starlight.common.thread.SchedulingUtil)
[22Sep2026 20:39:02.370] [main/INFO] [Lithium/]: Force-disabling mixin 'entity.collisions.unpushable_cramming.EntityMixin' as rule 'mixin.entity.collisions.unpushable_cramming' (added by mods [sable]) disables it and children
[22Sep2026 20:39:02.371] [main/INFO] [Lithium/]: Force-disabling mixin 'entity.collisions.unpushable_cramming.EntitySectionMixin' as rule 'mixin.entity.collisions.unpushable_cramming' (added by mods [sable]) disables it and children
[22Sep2026 20:39:02.371] [main/INFO] [Lithium/]: Force-disabling mixin 'entity.collisions.unpushable_cramming.EntitySelectorMixin' as rule 'mixin.entity.collisions.unpushable_cramming' (added by mods [sable]) disables it and children
[22Sep2026 20:39:02.372] [main/INFO] [Lithium/]: Force-disabling mixin 'entity.collisions.unpushable_cramming.LivingEntityMixin' as rule 'mixin.entity.collisions.unpushable_cramming' (added by mods [sable]) disables it and children
[22Sep2026 20:39:02.390] [main/INFO] [Lithium/]: Force-disabling mixin 'world.chunk_access.ChunkHolderMixin' as rule 'mixin.world.chunk_access' (added by mods [sable]) disables it and children
[22Sep2026 20:39:02.391] [main/INFO] [Lithium/]: Force-disabling mixin 'world.chunk_access.GenerationChunkHolderAccessor' as rule 'mixin.world.chunk_access' (added by mods [sable]) disables it and children
[22Sep2026 20:39:02.391] [main/INFO] [Lithium/]: Force-disabling mixin 'world.chunk_access.LevelMixin' as rule 'mixin.world.chunk_access' (added by mods [sable]) disables it and children
[22Sep2026 20:39:02.392] [main/INFO] [Lithium/]: Force-disabling mixin 'world.chunk_access.ServerChunkCacheMixin' as rule 'mixin.world.chunk_access' (added by mods [sable]) disables it and children
[22Sep2026 20:39:02.392] [main/INFO] [Lithium/]: Force-disabling mixin 'world.chunk_ticking.spread_ice.BiomeMixin' as rule 'mixin.world.chunk_ticking' (added by mods [sable]) disables it and children
[22Sep2026 20:39:02.395] [main/INFO] [Lithium/]: Force-disabling mixin 'world.tick_scheduler.LevelChunkTicksMixin' as rule 'mixin.world.tick_scheduler' (added by mods [sable]) disables it and children
[22Sep2026 20:39:02.492] [main/WARN] [mixin/]: Error loading class: ca/spottedleaf/starlight/common/integration/v0/ChunkSystemHooks (java.lang.ClassNotFoundException: ca.spottedleaf.starlight.common.integration.v0.ChunkSystemHooks)
[22Sep2026 20:39:02.492] [main/WARN] [mixin/]: @Mixin target ca/spottedleaf/starlight/common/integration/v0/ChunkSystemHooks was not found c2me-rewrites-chunk-system.mixins.json:scalablelux.MixinChunkSystemHooks from mod c2me_rewrites_chunk_system
[22Sep2026 20:39:02.519] [main/INFO] [AllTheLeaks/]: Class dev.uncandango.alltheleaks.leaks.common.mods.neoforge.Issue1486 will be loaded as it matches versions: 21.1.251 in [21.,)
[22Sep2026 20:39:02.519] [main/INFO] [AllTheLeaks/]: Class dev.uncandango.alltheleaks.leaks.common.mods.minecraft.UntrackedIssue003 will be loaded as it matches versions: 1.21.1 in [1.21.1,1.21.1]
[22Sep2026 20:39:02.519] [main/INFO] [AllTheLeaks/]: Mixins added to allowed list: [main.DebugSampleSubscriptionTrackerMixin]
[22Sep2026 20:39:02.519] [main/INFO] [AllTheLeaks/]: Class dev.uncandango.alltheleaks.leaks.common.mods.minecraft.UntrackedIssue002 will be loaded as it matches versions: 1.21.1 in 1.21.1
[22Sep2026 20:39:02.520] [main/INFO] [AllTheLeaks/]: Class dev.uncandango.alltheleaks.leaks.common.mods.minecraft.UntrackedIssue001 will be loaded as it matches versions: 1.21.1 in 1.21.1
[22Sep2026 20:39:02.520] [main/INFO] [AllTheLeaks/]: Mixins added to allowed list: [main.EntityTickListMixin]
[22Sep2026 20:39:02.520] [main/INFO] [AllTheLeaks/]: Class dev.uncandango.alltheleaks.leaks.common.mods.geckolib.UntrackedIssue001 will be loaded as it matches versions: 4.9.2 in *
[22Sep2026 20:39:02.520] [main/INFO] [AllTheLeaks/]: Mixins added to allowed list: [main.SingletonGeoAnimatableMixin]
[22Sep2026 20:39:02.521] [main/INFO] [AllTheLeaks/]: Class dev.uncandango.alltheleaks.leaks.common.mods.curios.Issue22 will be loaded as it matches versions: 9.5.1+1.21.1 in [9.0.6,)
[22Sep2026 20:39:02.521] [main/INFO] [AllTheLeaks/]: Mixins added to allowed list: [main.CuriosEventHandlerMixin]
[22Sep2026 20:39:02.521] [main/INFO] [AllTheLeaks/]: Class dev.uncandango.alltheleaks.leaks.client.mods.mousetweaks.UntrackedIssue001 will be loaded as it matches versions: 2.26.1 in [2.26.1,)
[22Sep2026 20:39:02.522] [main/INFO] [AllTheLeaks/]: Class dev.uncandango.alltheleaks.leaks.client.mods.minecraft.UntrackedIssue001 will be loaded as it matches versions: 1.21.1 in 1.21.1
[22Sep2026 20:39:02.522] [main/INFO] [AllTheLeaks/]: Mixins added to allowed list: [main.MinecraftMixin]
[22Sep2026 20:39:02.522] [main/INFO] [AllTheLeaks/]: Class dev.uncandango.alltheleaks.leaks.client.mods.jade.UntrackedIssue001 will be loaded as it matches versions: 15.10.5+neoforge in [15.1.8,)
[22Sep2026 20:39:02.523] [main/INFO] [AllTheLeaks/]: Class dev.uncandango.alltheleaks.leaks.client.mods.entity_texture_features.UntrackedIssue002 will be loaded as it matches versions: 7.1 in [7.0.0,)
[22Sep2026 20:39:02.528] [main/INFO] [AllTheLeaks/]: Class dev.uncandango.alltheleaks.fix.client.mods.jei.FixCopyItemStack will be loaded as it matches versions: 19.36.0.360 in [19.19.6.235,)
[22Sep2026 20:39:02.528] [main/INFO] [AllTheLeaks/]: Mixins added to allowed list: [main.SmithingCategoryExtensionMixin]
[22Sep2026 20:39:02.528] [main/INFO] [AllTheLeaks/]: Class dev.uncandango.alltheleaks.fix.client.mods.betterf3.FixDebugScreen will be loaded as it matches versions: 11.0.3 in *
[22Sep2026 20:39:02.528] [main/INFO] [AllTheLeaks/]: Mixins added to allowed list: [main.DebugScreenOverlayMixin]
[22Sep2026 20:39:02.528] [main/INFO] [AllTheLeaks/]: Class dev.uncandango.alltheleaks.feature.common.mods.minecraft.SaveWithLoadedChunks will be loaded as it matches versions: 1.21.1 in 1.21.1
[22Sep2026 20:39:02.528] [main/INFO] [AllTheLeaks/]: Class dev.uncandango.alltheleaks.feature.common.mods.minecraft.MemoryMonitor will be loaded as it matches versions: 1.21.1 in 1.21.1
[22Sep2026 20:39:02.528] [main/INFO] [AllTheLeaks/]: Mixins added to allowed list: [main.PlayerMixin, main.ChunkAccessMixin, main.LevelMixin, main.MinecraftServerMixin]
[22Sep2026 20:39:02.528] [main/INFO] [AllTheLeaks/]: Class dev.uncandango.alltheleaks.diag.common.mods.minecraft.LogSavedData will be loaded as it matches versions: 21.1.251 in [21.1,)
[22Sep2026 20:39:02.528] [main/INFO] [AllTheLeaks/]: Mixins added to allowed list: [main.SavedDataMixin]
[22Sep2026 20:39:02.596] [main/WARN] [mixin/]: Error loading class: foundry/veil/impl/client/imgui/VeilImGuiImplGlfw (java.lang.ClassNotFoundException: foundry.veil.impl.client.imgui.VeilImGuiImplGlfw)
[22Sep2026 20:39:02.596] [main/WARN] [mixin/]: @Mixin target foundry.veil.impl.client.imgui.VeilImGuiImplGlfw was not found minecraft-cursor.neoforge.mixins.json:compat.veil.VeilImGuiImplGlfwMixin from mod minecraft_cursor
[22Sep2026 20:39:02.623] [main/WARN] [mixin/]: Error loading class: net/irisshaders/iris/shaderpack/materialmap/WorldRenderingSettings (java.lang.ClassNotFoundException: net.irisshaders.iris.shaderpack.materialmap.WorldRenderingSettings)
[22Sep2026 20:39:02.623] [main/WARN] [mixin/]: @Mixin target net.irisshaders.iris.shaderpack.materialmap.WorldRenderingSettings was not found streamsreflowing.mixins.json:WorldRenderingSettingsMixin from mod streamsreflowing
[22Sep2026 20:39:02.637] [main/WARN] [mixin/]: Error loading class: team/teampotato/ruok/util/entity/block/BlockEntityUtil (java.lang.ClassNotFoundException: team.teampotato.ruok.util.entity.block.BlockEntityUtil)
[22Sep2026 20:39:02.638] [main/WARN] [mixin/]: Error loading class: com/github/leawind/thirdperson/core/CameraAgent (java.lang.ClassNotFoundException: com.github.leawind.thirdperson.core.CameraAgent)
[22Sep2026 20:39:02.639] [main/WARN] [mixin/]: Error loading class: com/github/leawind/thirdperson/ThirdPerson (java.lang.ClassNotFoundException: com.github.leawind.thirdperson.ThirdPerson)
[22Sep2026 20:39:02.640] [main/WARN] [mixin/]: Error loading class: com/github/leawind/thirdperson/ThirdPersonStatus (java.lang.ClassNotFoundException: com.github.leawind.thirdperson.ThirdPersonStatus)
[22Sep2026 20:39:02.641] [main/WARN] [mixin/]: Error loading class: punchy/client/render/PunchyArmRenderer (java.lang.ClassNotFoundException: punchy.client.render.PunchyArmRenderer)
[22Sep2026 20:39:02.749] [main/WARN] [mixin/]: Error loading class: net/minecraft/client/gui/screens/controls/KeyBindsList$KeyEntry (java.lang.ClassNotFoundException: net.minecraft.client.gui.screens.controls.KeyBindsList$KeyEntry)
[22Sep2026 20:39:02.749] [main/WARN] [mixin/]: @Mixin target net.minecraft.client.gui.screens.controls.KeyBindsList$KeyEntry was not found railways-common.mixins.json:client.MixinKeyBindsListKeyEntry from mod railways
[22Sep2026 20:39:02.763] [main/WARN] [mixin/]: Error loading class: net/coderbot/iris/pipeline/newshader/ExtendedShader (java.lang.ClassNotFoundException: net.coderbot.iris.pipeline.newshader.ExtendedShader)
[22Sep2026 20:39:02.764] [main/WARN] [mixin/]: Error loading class: net/coderbot/iris/pipeline/newshader/fallback/FallbackShader (java.lang.ClassNotFoundException: net.coderbot.iris.pipeline.newshader.fallback.FallbackShader)
[22Sep2026 20:39:02.778] [main/WARN] [mixin/]: Error loading class: me/jellysquid/mods/lithium/common/ai/pathing/PathNodeDefaults (java.lang.ClassNotFoundException: me.jellysquid.mods.lithium.common.ai.pathing.PathNodeDefaults)
[22Sep2026 20:39:02.811] [main/WARN] [mixin/]: Error loading class: net/raphimc/immediatelyfast/feature/core/BatchableBufferSource (java.lang.ClassNotFoundException: net.raphimc.immediatelyfast.feature.core.BatchableBufferSource)
[22Sep2026 20:39:02.812] [main/WARN] [mixin/]: Error loading class: dev/tr7zw/skinlayers/render/CustomizableModelPart (java.lang.ClassNotFoundException: dev.tr7zw.skinlayers.render.CustomizableModelPart)
[22Sep2026 20:39:02.821] [main/WARN] [mixin/]: Error loading class: net/irisshaders/batchedentityrendering/impl/FullyBufferedMultiBufferSource (java.lang.ClassNotFoundException: net.irisshaders.batchedentityrendering.impl.FullyBufferedMultiBufferSource)
[22Sep2026 20:39:02.822] [main/WARN] [mixin/]: Error loading class: net/irisshaders/iris/layer/InnerWrappedRenderType (java.lang.ClassNotFoundException: net.irisshaders.iris.layer.InnerWrappedRenderType)
[22Sep2026 20:39:02.823] [main/WARN] [mixin/]: Error loading class: net/irisshaders/iris/layer/OuterWrappedRenderType (java.lang.ClassNotFoundException: net.irisshaders.iris.layer.OuterWrappedRenderType)
[22Sep2026 20:39:02.826] [main/WARN] [mixin/]: Error loading class: me/jellysquid/mods/sodium/client/gui/SodiumGameOptionPages (java.lang.ClassNotFoundException: me.jellysquid.mods.sodium.client.gui.SodiumGameOptionPages)
[22Sep2026 20:39:02.827] [main/WARN] [mixin/]: Error loading class: net/caffeinemc/sodium/config/user/UserConfigCategories (java.lang.ClassNotFoundException: net.caffeinemc.sodium.config.user.UserConfigCategories)
[22Sep2026 20:39:02.827] [main/WARN] [mixin/]: Error loading class: net/caffeinemc/mods/sodium/client/gui/SodiumGameOptionPages (java.lang.ClassNotFoundException: net.caffeinemc.mods.sodium.client.gui.SodiumGameOptionPages)
[22Sep2026 20:39:02.828] [main/WARN] [mixin/]: Error loading class: net/vulkanmod/config/option/Options (java.lang.ClassNotFoundException: net.vulkanmod.config.option.Options)
[22Sep2026 20:39:02.829] [main/INFO] [com.naturaltemperature.NaturalTemperature/]: [NaturalTemperature] Applying mixin: com.naturaltemperature.mixin.DimensionManager
[22Sep2026 20:39:02.829] [main/INFO] [com.naturaltemperature.NaturalTemperature/]: [NaturalTemperature] Applying mixin: com.naturaltemperature.mixin.DimensionalContextGiver
[22Sep2026 20:39:02.830] [main/INFO] [com.naturaltemperature.NaturalTemperature/]: [NaturalTemperature] Checking mixin: com.naturaltemperature.mixin.TerrablenderCompatPatch — Is terrablender loaded → Yes, ENABLE mixin
[22Sep2026 20:39:02.830] [main/INFO] [com.naturaltemperature.NaturalTemperature/]: [NaturalTemperature] Applying mixin: com.naturaltemperature.mixin.NoiseSelector
[22Sep2026 20:39:02.830] [main/INFO] [com.naturaltemperature.NaturalTemperature/]: [NaturalTemperature] Applying mixin: com.naturaltemperature.mixin.WorldPainter
[22Sep2026 20:39:02.830] [main/INFO] [com.naturaltemperature.NaturalTemperature/]: [NaturalTemperature] Applying mixin: com.naturaltemperature.mixin.DataAccessor
[22Sep2026 20:39:02.831] [main/INFO] [com.naturaltemperature.NaturalTemperature/]: [NaturalTemperature] Applying mixin: com.naturaltemperature.mixin.SeedScanner
[22Sep2026 20:39:02.867] [main/WARN] [mixin/]: Error loading class: net/fabricmc/fabric/impl/client/indigo/renderer/aocalc/AoCalculator (java.lang.ClassNotFoundException: net.fabricmc.fabric.impl.client.indigo.renderer.aocalc.AoCalculator)
[22Sep2026 20:39:02.904] [main/WARN] [mixin/]: Error loading class: me/jellysquid/mods/lithium/common/ai/pathing/PathNodeDefaults (java.lang.ClassNotFoundException: me.jellysquid.mods.lithium.common.ai.pathing.PathNodeDefaults)
[22Sep2026 20:39:02.985] [main/WARN] [mixin/]: Error loading class: net/mehvahdjukaar/vista/common/view_finder/ViewFinderAccess$Block (java.lang.ClassNotFoundException: net.mehvahdjukaar.vista.common.view_finder.ViewFinderAccess$Block)
[22Sep2026 20:39:02.985] [main/WARN] [mixin/]: @Mixin target net.mehvahdjukaar.vista.common.view_finder.ViewFinderAccess$Block was not found sable.mixins.json:compatibility.vista.ViewFinderAccessMixin from mod sable
[22Sep2026 20:39:03.132] [main/WARN] [mixin/]: Error loading class: net/createmod/catnip/level/VirtualRenderWorld (java.lang.ClassNotFoundException: net.createmod.catnip.level.VirtualRenderWorld)
[22Sep2026 20:39:03.134] [main/WARN] [mixin/]: Error loading class: com/simibubi/create/content/contraptions/render/VirtualRenderWorld (java.lang.ClassNotFoundException: com.simibubi.create.content.contraptions.render.VirtualRenderWorld)
[22Sep2026 20:39:03.136] [main/WARN] [mixin/]: Error loading class: net/caffeinemc/sodium/client/model/light/data/LightDataAccess (java.lang.ClassNotFoundException: net.caffeinemc.sodium.client.model.light.data.LightDataAccess)
[22Sep2026 20:39:03.136] [main/WARN] [mixin/]: Error loading class: me/jellysquid/mods/sodium/client/model/light/data/LightDataAccess (java.lang.ClassNotFoundException: me.jellysquid.mods.sodium.client.model.light.data.LightDataAccess)
[22Sep2026 20:39:03.199] [main/WARN] [mixin/]: Error loading class: net/mehvahdjukaar/amendments/common/block/DirectionalCakeBlock (java.lang.ClassNotFoundException: net.mehvahdjukaar.amendments.common.block.DirectionalCakeBlock)
[22Sep2026 20:39:03.200] [main/WARN] [mixin/]: Error loading class: net/strobel/inventive_inventory/features/sorting/SortingHandler (java.lang.ClassNotFoundException: net.strobel.inventive_inventory.features.sorting.SortingHandler)
[22Sep2026 20:39:03.201] [main/WARN] [mixin/]: Error loading class: de/rubixdev/inventorio/player/InventorioScreenHandler (java.lang.ClassNotFoundException: de.rubixdev.inventorio.player.InventorioScreenHandler)
[22Sep2026 20:39:03.202] [main/WARN] [mixin/]: Error loading class: net/blay09/mods/trashslot/client/deletion/DefaultDeletionProvider (java.lang.ClassNotFoundException: net.blay09.mods.trashslot.client.deletion.DefaultDeletionProvider)
[22Sep2026 20:39:03.489] [main/WARN] [mixin/]: Error loading class: com/zelaux/betterdiagram/fun/PlayerWeightJFF$WeightPayload (java.lang.ClassNotFoundException: com.zelaux.betterdiagram.fun.PlayerWeightJFF$WeightPayload)
[22Sep2026 20:39:03.497] [main/WARN] [mixin/]: Error loading class: net/createmod/catnip/level/VirtualRenderWorld (java.lang.ClassNotFoundException: net.createmod.catnip.level.VirtualRenderWorld)
[22Sep2026 20:39:03.498] [main/WARN] [mixin/]: Error loading class: com/simibubi/create/content/contraptions/render/VirtualRenderWorld (java.lang.ClassNotFoundException: com.simibubi.create.content.contraptions.render.VirtualRenderWorld)
[22Sep2026 20:39:03.499] [main/WARN] [mixin/]: Error loading class: net/createmod/catnip/level/VirtualRenderWorld (java.lang.ClassNotFoundException: net.createmod.catnip.level.VirtualRenderWorld)
[22Sep2026 20:39:03.499] [main/WARN] [mixin/]: Error loading class: com/simibubi/create/content/contraptions/render/VirtualRenderWorld (java.lang.ClassNotFoundException: com.simibubi.create.content.contraptions.render.VirtualRenderWorld)
[22Sep2026 20:39:03.531] [main/INFO] [MixinExtras|Service/]: Initializing MixinExtras via com.llamalad7.mixinextras.service.MixinExtrasServiceImpl(version=0.5.3).
[22Sep2026 20:39:04.084] [main/WARN] [mixin/]: Static binding violation: PRIVATE @Overwrite method decoratedId in modernfix-modernfix.mixins.json:perf.tag_id_caching.TagOrElementLocationMixin from mod modernfix cannot reduce visibiliy of PUBLIC target method, visibility will be upgraded.
[22Sep2026 20:39:05.767] [Datafixer Bootstrap/INFO] [com.mojang.datafixers.DataFixerBuilder/]: 229 Datafixer optimizations took 308 milliseconds
[22Sep2026 20:39:05.930] [main/WARN] [oshi.util.platform.windows.PerfDataUtil/]: Failed to add PDH Counter: \Paging File(_Total)\% Usage, Error code: 0xC0000BB8
[22Sep2026 20:39:05.930] [main/WARN] [oshi.util.platform.windows.PerfCounterQueryHandler/]: Failed to add counter for PDH counter: \Paging File(_Total)\% Usage
[22Sep2026 20:39:05.931] [main/WARN] [oshi.util.platform.windows.PerfCounterQuery/]: Disabling further attempts to query Paging File.
[22Sep2026 20:39:11.152] [main/WARN] [oshi.util.platform.windows.WmiQueryHandler/]: COM exception: Invalid Query: SELECT PERCENTUSAGE FROM Win32_PerfRawData_PerfOS_PagingFile
[22Sep2026 20:39:11.291] [pool-15-thread-1/INFO] [net.minecraft.server.Bootstrap/]: ModernFix reached bootstrap stage (21.08 s after launch)
[22Sep2026 20:39:12.716] [pool-15-thread-1/WARN] [mixin/]: Method overwrite conflict for getTemperature in lithium.mixins.json:world.temperature_cache.BiomeMixin from mod lithium, previously written by org.embeddedt.modernfix.common.mixin.perf.remove_biome_temperature_cache.BiomeMixin. Skipping method.
[22Sep2026 20:39:15.046] [pool-15-thread-1/INFO] [dev.yumi.mc.core.impl.YumiFoundationMod/]: Initializing mods (entrypoint yumi:init)...
[22Sep2026 20:39:15.079] [pool-15-thread-1/INFO] [net.minecraft.server.Bootstrap/]: Vanilla bootstrap took 3766 milliseconds
[22Sep2026 20:39:15.573] [main/WARN] [net.minecraft.client.main.Main/]: Unrecognized user type: offline
[22Sep2026 20:39:15.718] [Render thread/WARN] [net.minecraft.server.packs.VanillaPackResourcesBuilder/]: Assets URL 'union:/C:/Users/porhohub/AppData/Roaming/PrismLauncher/libraries/net/minecraft/client/1.21.1-20240808.144430/client-1.21.1-20240808.144430-srg.jar%23331!/assets/.mcassetsroot' uses unexpected schema
[22Sep2026 20:39:15.718] [Render thread/WARN] [net.minecraft.server.packs.VanillaPackResourcesBuilder/]: Assets URL 'union:/C:/Users/porhohub/AppData/Roaming/PrismLauncher/libraries/net/minecraft/client/1.21.1-20240808.144430/client-1.21.1-20240808.144430-srg.jar%23331!/data/.mcassetsroot' uses unexpected schema
[22Sep2026 20:39:15.742] [Render thread/INFO] [com.mojang.authlib.yggdrasil.YggdrasilAuthenticationService/]: Environment: Environment[sessionHost=https://sessionserver.mojang.com, servicesHost=https://api.minecraftservices.com, name=PROD]
[22Sep2026 20:39:15.748] [Render thread/INFO] [net.minecraft.client.Minecraft/]: Setting user: ladno0441
[22Sep2026 20:39:15.835] [Render thread/INFO] [LambDynamicLights/]: [LambDynLights] Initializing LambDynamicLights...
[22Sep2026 20:39:15.855] [Render thread/INFO] [LambDynamicLights|Config/]: [LambDynLights] Configuration loaded.
[22Sep2026 20:39:15.936] [Render thread/INFO] [net.minecraft.client.Minecraft/]: Backend library: LWJGL version 3.3.3+5
[22Sep2026 20:39:15.980] [Render thread/INFO] [com.mojang.blaze3d.platform.Window/]: OpenGL Vendor: ATI Technologies Inc.
[22Sep2026 20:39:15.980] [Render thread/INFO] [com.mojang.blaze3d.platform.Window/]: OpenGL Renderer: Radeon (TM) RX 480 Graphics
[22Sep2026 20:39:15.981] [Render thread/INFO] [com.mojang.blaze3d.platform.Window/]: OpenGL Version: 4.6.0 Core Profile Context 26.1.1.251211
[22Sep2026 20:39:16.244] [Render thread/INFO] [BetterClouds/PreLaunch/]: [BetterClouds/PreLaunch] Initializing OpenGL compat
[22Sep2026 20:39:16.371] [modloading-worker-0/INFO] [Veil/]: Veil is initializing.
[22Sep2026 20:39:16.394] [modloading-worker-0/INFO] [net.neoforged.neoforge.common.NeoForgeMod/NEOFORGE-MOD]: NeoForge mod loading, version 21.1.251, for MC 1.21.1
[22Sep2026 20:39:16.395] [modloading-worker-0/INFO] [Create Deco/]: Registering items for Create Deco
[22Sep2026 20:39:16.408] [modloading-worker-0/INFO] [noisium/]: Loading Noisium.
[22Sep2026 20:39:16.438] [modloading-worker-0/INFO] [Railways/]: Steam 'n' Rails v1.6.13-alpha initializing! Commit hash: dev on Create version: 6.0.10 on platform: Neoforge
[22Sep2026 20:39:16.526] [modloading-worker-0/INFO] [Create: Transmission/]: Loading creative tabs for Create: Transmission
[22Sep2026 20:39:16.531] [modloading-worker-0/INFO] [Create Deco/]: Registering blocks for Create Deco
[22Sep2026 20:39:16.591] [modloading-worker-0/INFO] [Create Deco/]: Populating connected texture maps...
[22Sep2026 20:39:16.597] [modloading-worker-0/INFO] [Create: Transmission/]: Registering blocks for Create: Transmission
[22Sep2026 20:39:16.644] [modloading-worker-0/INFO] [Create: Transmission/]: Registering blocks entities for Create: Transmission
[22Sep2026 20:39:16.657] [modloading-worker-0/INFO] [Create: Transmission/]: Loading partial models for Create: Transmission
[22Sep2026 20:39:17.056] [modloading-worker-0/INFO] [net.minecraft.server.LoggedPrintStream/]: [STDOUT]: [Mouse Tweaks] Main.initialize()
[22Sep2026 20:39:17.067] [modloading-worker-0/INFO] [net.minecraft.server.LoggedPrintStream/]: [STDOUT]: [Mouse Tweaks] Initialized.
[22Sep2026 20:39:17.075] [modloading-worker-0/INFO] [necronomicon/]: Necronomicon Initialized
[22Sep2026 20:39:17.085] [modloading-worker-0/INFO] [necronomicon/]: File exists, reading config for elocindev.necronomicon.NecronomiconConfig.
[22Sep2026 20:39:17.098] [modloading-worker-0/INFO] [necronomicon/]: Config for elocindev.necronomicon.NecronomiconConfig read successfully.
[22Sep2026 20:39:17.128] [modloading-worker-0/INFO] [mezz.jei.library.load.PluginCaller/]: Sending ConfigManager...
[22Sep2026 20:39:17.133] [modloading-worker-0/INFO] [mezz.jei.library.load.PluginCaller/]: Sending ConfigManager took 2.670 milliseconds
[22Sep2026 20:39:17.209] [modloading-worker-0/INFO] [com.simibubi.create.Create/]: Create 6.0.10 initializing! Commit hash: ac0c444d9828da3453ae8cc65338e8de063286fb
[22Sep2026 20:39:17.222] [modloading-worker-0/INFO] [CodecUI/]: Codec construction mixins inactive (Codec, MapCodec, RecordCodecBuilder) - expected on NeoForge; using reflective schema inference (numeric ranges recovered, optional-field defaults not).
[22Sep2026 20:39:17.251] [modloading-worker-0/INFO] [StreamsReflowing/]: StreamsReflowing initializing on NeoForge (production environment)
[22Sep2026 20:39:17.267] [modloading-worker-0/INFO] [StreamsReflowing/]: [SR-SABLE] compat registered (Sable present)
[22Sep2026 20:39:17.284] [modloading-worker-0/INFO] [sable_player_ragdoll_patch/]: Sable Ragdolls Patch loaded
[22Sep2026 20:39:17.328] [modloading-worker-0/INFO] [com.vinlanx.explosionoverhaul.ExplosionOverhaul/]: FirstTimeSetupHandler class loaded (waiting for TitleScreen)
[22Sep2026 20:39:17.346] [modloading-worker-0/INFO] [YetAnotherConfigLib/]: Deserializing Config from 'D:\MINECRAFT\instances\aeronautica 6.0\minecraft\config\betterclouds-v1.json'
[22Sep2026 20:39:17.362] [modloading-worker-0/INFO] [Entity Texture Features/]: Loading Entity Texture Features, OptiFine's weirder younger half-brother that runs around making train noises.
[22Sep2026 20:39:17.396] [modloading-worker-0/INFO] [Entity Texture Features/]: [ETF]: Modifying ETF Render State constructor because: for EMF
[22Sep2026 20:39:17.397] [modloading-worker-0/INFO] [traben.entity_model_features.EMF/]: Loading Entity Model Features, 0% Opti, 70% Fine.
[22Sep2026 20:39:17.443] [modloading-worker-0/INFO] [com.naturaltemperature.NaturalTemperature/]: NaturalTemperature mod initialized.
[22Sep2026 20:39:17.514] [modloading-worker-0/INFO] [Crawl on Demand/]: Loading Crawl on Demand (NeoForge)
[22Sep2026 20:39:17.517] [modloading-worker-0/INFO] [Crawl on Demand/]: Crawl on Demand Common initializing
[22Sep2026 20:39:17.522] [modloading-worker-0/INFO] [Crawl on Demand/]: Initialized Network Handler (NeoForge)
[22Sep2026 20:39:17.546] [modloading-worker-0/WARN] [mixin/]: @Inject(@At("INVOKE")) Shift.BY=2 on create_connected.mixins.json:sequencedgearshift.SequencedGearshiftScreenMixin from mod create_connected::handler$eah000$create_connected$updateParamsOfRow exceeds the maximum allowed value: 0. Increase the value of maxShiftBy to suppress this warning.
[22Sep2026 20:39:17.559] [modloading-worker-0/INFO] [Entity Texture Features/]: [ETF]: 6 new ETF Random Properties registered by entity_model_features
[22Sep2026 20:39:17.559] [modloading-worker-0/INFO] [KubeJS/]: Loading vanilla registries...
[22Sep2026 20:39:17.570] [modloading-worker-0/WARN] [mixin/]: Discarding @Unique public method rotate in copycats-neoforge.mixins.json:foundation.copycat.multistate.MultiStateCopycatBlockMixin from mod copycats because it already exists in com.copycatsplus.copycats.foundation.copycat.multistate.MultiStateCopycatBlock
[22Sep2026 20:39:17.570] [modloading-worker-0/WARN] [mixin/]: Discarding @Unique public method mirror in copycats-neoforge.mixins.json:foundation.copycat.multistate.MultiStateCopycatBlockMixin from mod copycats because it already exists in com.copycatsplus.copycats.foundation.copycat.multistate.MultiStateCopycatBlock
[22Sep2026 20:39:17.570] [modloading-worker-0/WARN] [mixin/]: Discarding @Unique public method useItemOn in copycats-neoforge.mixins.json:foundation.copycat.multistate.MultiStateCopycatBlockMixin from mod copycats because it already exists in com.copycatsplus.copycats.foundation.copycat.multistate.MultiStateCopycatBlock
[22Sep2026 20:39:17.570] [modloading-worker-0/WARN] [mixin/]: Discarding @Unique public method useWithoutItem in copycats-neoforge.mixins.json:foundation.copycat.multistate.MultiStateCopycatBlockMixin from mod copycats because it already exists in com.copycatsplus.copycats.foundation.copycat.multistate.MultiStateCopycatBlock
[22Sep2026 20:39:17.580] [modloading-worker-0/INFO] [KubeJS/]: Looking for KubeJS plugins...
[22Sep2026 20:39:17.583] [modloading-worker-0/INFO] [KubeJS/]: Found plugin source kubejs
[22Sep2026 20:39:17.584] [modloading-worker-0/WARN] [mixin/]: Discarding @Unique public method rotate in copycats-neoforge.mixins.json:foundation.copycat.CopycatBlockMixin from mod copycats because it already exists in com.copycatsplus.copycats.content.copycat.fluid_pipe.CopycatGlassFluidPipeBlock
[22Sep2026 20:39:17.584] [modloading-worker-0/WARN] [mixin/]: Discarding @Unique public method mirror in copycats-neoforge.mixins.json:foundation.copycat.CopycatBlockMixin from mod copycats because it already exists in com.copycatsplus.copycats.content.copycat.fluid_pipe.CopycatGlassFluidPipeBlock
[22Sep2026 20:39:17.584] [modloading-worker-0/WARN] [mixin/]: Discarding @Unique public method useItemOn in copycats-neoforge.mixins.json:foundation.copycat.CopycatBlockMixin from mod copycats because it already exists in com.copycatsplus.copycats.content.copycat.fluid_pipe.CopycatGlassFluidPipeBlock
[22Sep2026 20:39:17.584] [modloading-worker-0/WARN] [mixin/]: Discarding @Unique public method useWithoutItem in copycats-neoforge.mixins.json:foundation.copycat.CopycatBlockMixin from mod copycats because it already exists in com.copycatsplus.copycats.content.copycat.fluid_pipe.CopycatGlassFluidPipeBlock
[22Sep2026 20:39:17.591] [modloading-worker-0/WARN] [mixin/]: Discarding @Unique public method rotate in copycats-neoforge.mixins.json:foundation.copycat.CopycatBlockMixin from mod copycats because it already exists in com.copycatsplus.copycats.content.copycat.door.CopycatDoorBlock
[22Sep2026 20:39:17.591] [modloading-worker-0/WARN] [mixin/]: Discarding @Unique public method mirror in copycats-neoforge.mixins.json:foundation.copycat.CopycatBlockMixin from mod copycats because it already exists in com.copycatsplus.copycats.content.copycat.door.CopycatDoorBlock
[22Sep2026 20:39:17.591] [modloading-worker-0/WARN] [mixin/]: Discarding @Unique public method useItemOn in copycats-neoforge.mixins.json:foundation.copycat.CopycatBlockMixin from mod copycats because it already exists in com.copycatsplus.copycats.content.copycat.door.CopycatDoorBlock
[22Sep2026 20:39:17.591] [modloading-worker-0/WARN] [mixin/]: Discarding @Unique public method useWithoutItem in copycats-neoforge.mixins.json:foundation.copycat.CopycatBlockMixin from mod copycats because it already exists in com.copycatsplus.copycats.content.copycat.door.CopycatDoorBlock
[22Sep2026 20:39:17.595] [modloading-worker-0/WARN] [mixin/]: Discarding @Unique public method rotate in copycats-neoforge.mixins.json:foundation.copycat.CopycatBlockMixin from mod copycats because it already exists in com.copycatsplus.copycats.content.copycat.sliding_door.CopycatSlidingDoorBlock
[22Sep2026 20:39:17.595] [modloading-worker-0/WARN] [mixin/]: Discarding @Unique public method mirror in copycats-neoforge.mixins.json:foundation.copycat.CopycatBlockMixin from mod copycats because it already exists in com.copycatsplus.copycats.content.copycat.sliding_door.CopycatSlidingDoorBlock
[22Sep2026 20:39:17.595] [modloading-worker-0/WARN] [mixin/]: Discarding @Unique public method useItemOn in copycats-neoforge.mixins.json:foundation.copycat.CopycatBlockMixin from mod copycats because it already exists in com.copycatsplus.copycats.content.copycat.sliding_door.CopycatSlidingDoorBlock
[22Sep2026 20:39:17.595] [modloading-worker-0/WARN] [mixin/]: Discarding @Unique public method useWithoutItem in copycats-neoforge.mixins.json:foundation.copycat.CopycatBlockMixin from mod copycats because it already exists in com.copycatsplus.copycats.content.copycat.sliding_door.CopycatSlidingDoorBlock
[22Sep2026 20:39:17.611] [modloading-worker-0/INFO] [KubeJS/]: Found plugin source createdieselgenerators
[22Sep2026 20:39:17.621] [modloading-worker-0/WARN] [mixin/]: Discarding @Unique public method rotate in copycats-neoforge.mixins.json:foundation.copycat.CopycatBlockMixin from mod copycats because it already exists in com.copycatsplus.copycats.foundation.copycat.CCCopycatBlock
[22Sep2026 20:39:17.621] [modloading-worker-0/WARN] [mixin/]: Discarding @Unique public method mirror in copycats-neoforge.mixins.json:foundation.copycat.CopycatBlockMixin from mod copycats because it already exists in com.copycatsplus.copycats.foundation.copycat.CCCopycatBlock
[22Sep2026 20:39:17.621] [modloading-worker-0/WARN] [mixin/]: Discarding @Unique public method useItemOn in copycats-neoforge.mixins.json:foundation.copycat.CopycatBlockMixin from mod copycats because it already exists in com.copycatsplus.copycats.foundation.copycat.CCCopycatBlock
[22Sep2026 20:39:17.622] [modloading-worker-0/WARN] [mixin/]: Discarding @Unique public method useWithoutItem in copycats-neoforge.mixins.json:foundation.copycat.CopycatBlockMixin from mod copycats because it already exists in com.copycatsplus.copycats.foundation.copycat.CCCopycatBlock
[22Sep2026 20:39:17.639] [modloading-worker-0/INFO] [KubeJS/]: Found plugin source lootjs
[22Sep2026 20:39:17.641] [modloading-worker-0/INFO] [KubeJS/]: Found plugin source kubejs_create
[22Sep2026 20:39:17.643] [modloading-worker-0/INFO] [KubeJS/]: Found plugin source sable_beyond
[22Sep2026 20:39:17.646] [modloading-worker-0/INFO] [KubeJS/]: Done in 65.04 ms
[22Sep2026 20:39:17.648] [modloading-worker-0/INFO] [SableBeyond/]: KubeJS integration loaded ;)
[22Sep2026 20:39:17.683] [modloading-worker-0/WARN] [mixin/]: Discarding @Unique public method rotate in copycats-neoforge.mixins.json:foundation.copycat.CopycatBlockMixin from mod copycats because it already exists in com.copycatsplus.copycats.content.copycat.button.CopycatButtonBlock
[22Sep2026 20:39:17.683] [modloading-worker-0/WARN] [mixin/]: Discarding @Unique public method mirror in copycats-neoforge.mixins.json:foundation.copycat.CopycatBlockMixin from mod copycats because it already exists in com.copycatsplus.copycats.content.copycat.button.CopycatButtonBlock
[22Sep2026 20:39:17.683] [modloading-worker-0/WARN] [mixin/]: Discarding @Unique public method useItemOn in copycats-neoforge.mixins.json:foundation.copycat.CopycatBlockMixin from mod copycats because it already exists in com.copycatsplus.copycats.content.copycat.button.CopycatButtonBlock
[22Sep2026 20:39:17.683] [modloading-worker-0/WARN] [mixin/]: Discarding @Unique public method useWithoutItem in copycats-neoforge.mixins.json:foundation.copycat.CopycatBlockMixin from mod copycats because it already exists in com.copycatsplus.copycats.content.copycat.button.CopycatButtonBlock
[22Sep2026 20:39:17.691] [modloading-worker-0/INFO] [net.minecraft.server.LoggedPrintStream/]: [STDOUT]: [TRender] Initializing Client...
[22Sep2026 20:39:17.706] [modloading-worker-0/WARN] [mixin/]: Discarding @Unique public method rotate in copycats-neoforge.mixins.json:foundation.copycat.CopycatBlockMixin from mod copycats because it already exists in com.copycatsplus.copycats.content.copycat.fence.CopycatFenceBlock
[22Sep2026 20:39:17.706] [modloading-worker-0/WARN] [mixin/]: Discarding @Unique public method mirror in copycats-neoforge.mixins.json:foundation.copycat.CopycatBlockMixin from mod copycats because it already exists in com.copycatsplus.copycats.content.copycat.fence.CopycatFenceBlock
[22Sep2026 20:39:17.706] [modloading-worker-0/WARN] [mixin/]: Discarding @Unique public method useItemOn in copycats-neoforge.mixins.json:foundation.copycat.CopycatBlockMixin from mod copycats because it already exists in com.copycatsplus.copycats.content.copycat.fence.CopycatFenceBlock
[22Sep2026 20:39:17.707] [modloading-worker-0/WARN] [mixin/]: Discarding @Unique public method useWithoutItem in copycats-neoforge.mixins.json:foundation.copycat.CopycatBlockMixin from mod copycats because it already exists in com.copycatsplus.copycats.content.copycat.fence.CopycatFenceBlock
[22Sep2026 20:39:17.721] [modloading-worker-0/WARN] [mixin/]: Discarding @Unique public method rotate in copycats-neoforge.mixins.json:foundation.copycat.CopycatBlockMixin from mod copycats because it already exists in com.copycatsplus.copycats.content.copycat.fence_gate.CopycatFenceGateBlock
[22Sep2026 20:39:17.721] [modloading-worker-0/WARN] [mixin/]: Discarding @Unique public method mirror in copycats-neoforge.mixins.json:foundation.copycat.CopycatBlockMixin from mod copycats because it already exists in com.copycatsplus.copycats.content.copycat.fence_gate.CopycatFenceGateBlock
[22Sep2026 20:39:17.721] [modloading-worker-0/WARN] [mixin/]: Discarding @Unique public method useItemOn in copycats-neoforge.mixins.json:foundation.copycat.CopycatBlockMixin from mod copycats because it already exists in com.copycatsplus.copycats.content.copycat.fence_gate.CopycatFenceGateBlock
[22Sep2026 20:39:17.721] [modloading-worker-0/WARN] [mixin/]: Discarding @Unique public method useWithoutItem in copycats-neoforge.mixins.json:foundation.copycat.CopycatBlockMixin from mod copycats because it already exists in com.copycatsplus.copycats.content.copycat.fence_gate.CopycatFenceGateBlock
[22Sep2026 20:39:17.751] [modloading-worker-0/WARN] [mixin/]: Discarding @Unique public method rotate in copycats-neoforge.mixins.json:foundation.copycat.CopycatBlockMixin from mod copycats because it already exists in com.copycatsplus.copycats.content.copycat.ladder.CopycatLadderBlock
[22Sep2026 20:39:17.751] [modloading-worker-0/WARN] [mixin/]: Discarding @Unique public method mirror in copycats-neoforge.mixins.json:foundation.copycat.CopycatBlockMixin from mod copycats because it already exists in com.copycatsplus.copycats.content.copycat.ladder.CopycatLadderBlock
[22Sep2026 20:39:17.751] [modloading-worker-0/WARN] [mixin/]: Discarding @Unique public method useItemOn in copycats-neoforge.mixins.json:foundation.copycat.CopycatBlockMixin from mod copycats because it already exists in com.copycatsplus.copycats.content.copycat.ladder.CopycatLadderBlock
[22Sep2026 20:39:17.751] [modloading-worker-0/WARN] [mixin/]: Discarding @Unique public method useWithoutItem in copycats-neoforge.mixins.json:foundation.copycat.CopycatBlockMixin from mod copycats because it already exists in com.copycatsplus.copycats.content.copycat.ladder.CopycatLadderBlock
[22Sep2026 20:39:17.777] [modloading-worker-0/WARN] [mixin/]: Discarding @Unique public method rotate in copycats-neoforge.mixins.json:foundation.copycat.CopycatBlockMixin from mod copycats because it already exists in com.copycatsplus.copycats.content.copycat.pressure_plate.CopycatPressurePlateBlock
[22Sep2026 20:39:17.777] [modloading-worker-0/WARN] [mixin/]: Discarding @Unique public method mirror in copycats-neoforge.mixins.json:foundation.copycat.CopycatBlockMixin from mod copycats because it already exists in com.copycatsplus.copycats.content.copycat.pressure_plate.CopycatPressurePlateBlock
[22Sep2026 20:39:17.777] [modloading-worker-0/WARN] [mixin/]: Discarding @Unique public method useItemOn in copycats-neoforge.mixins.json:foundation.copycat.CopycatBlockMixin from mod copycats because it already exists in com.copycatsplus.copycats.content.copycat.pressure_plate.CopycatPressurePlateBlock
[22Sep2026 20:39:17.777] [modloading-worker-0/WARN] [mixin/]: Discarding @Unique public method useWithoutItem in copycats-neoforge.mixins.json:foundation.copycat.CopycatBlockMixin from mod copycats because it already exists in com.copycatsplus.copycats.content.copycat.pressure_plate.CopycatPressurePlateBlock
[22Sep2026 20:39:17.786] [modloading-worker-0/WARN] [mixin/]: Discarding @Unique public method rotate in copycats-neoforge.mixins.json:foundation.copycat.CopycatBlockMixin from mod copycats because it already exists in com.copycatsplus.copycats.content.copycat.pressure_plate.CopycatWeightedPressurePlate
[22Sep2026 20:39:17.786] [modloading-worker-0/WARN] [mixin/]: Discarding @Unique public method mirror in copycats-neoforge.mixins.json:foundation.copycat.CopycatBlockMixin from mod copycats because it already exists in com.copycatsplus.copycats.content.copycat.pressure_plate.CopycatWeightedPressurePlate
[22Sep2026 20:39:17.786] [modloading-worker-0/WARN] [mixin/]: Discarding @Unique public method useItemOn in copycats-neoforge.mixins.json:foundation.copycat.CopycatBlockMixin from mod copycats because it already exists in com.copycatsplus.copycats.content.copycat.pressure_plate.CopycatWeightedPressurePlate
[22Sep2026 20:39:17.786] [modloading-worker-0/WARN] [mixin/]: Discarding @Unique public method useWithoutItem in copycats-neoforge.mixins.json:foundation.copycat.CopycatBlockMixin from mod copycats because it already exists in com.copycatsplus.copycats.content.copycat.pressure_plate.CopycatWeightedPressurePlate
[22Sep2026 20:39:17.806] [modloading-worker-0/WARN] [mixin/]: Discarding @Unique public method rotate in copycats-neoforge.mixins.json:foundation.copycat.CopycatBlockMixin from mod copycats because it already exists in com.copycatsplus.copycats.content.copycat.stairs.CopycatStairsBlock
[22Sep2026 20:39:17.806] [modloading-worker-0/WARN] [mixin/]: Discarding @Unique public method mirror in copycats-neoforge.mixins.json:foundation.copycat.CopycatBlockMixin from mod copycats because it already exists in com.copycatsplus.copycats.content.copycat.stairs.CopycatStairsBlock
[22Sep2026 20:39:17.806] [modloading-worker-0/WARN] [mixin/]: Discarding @Unique public method useItemOn in copycats-neoforge.mixins.json:foundation.copycat.CopycatBlockMixin from mod copycats because it already exists in com.copycatsplus.copycats.content.copycat.stairs.CopycatStairsBlock
[22Sep2026 20:39:17.806] [modloading-worker-0/WARN] [mixin/]: Discarding @Unique public method useWithoutItem in copycats-neoforge.mixins.json:foundation.copycat.CopycatBlockMixin from mod copycats because it already exists in com.copycatsplus.copycats.content.copycat.stairs.CopycatStairsBlock
[22Sep2026 20:39:17.813] [modloading-worker-0/WARN] [mixin/]: Discarding @Unique public method onLoad in copycats-common.mixins.json:foundation.copycat.CopycatBlockEntityMixin from mod copycats because it already exists in com.simibubi.create.content.decoration.copycat.CopycatBlockEntity
[22Sep2026 20:39:17.820] [modloading-worker-0/WARN] [mixin/]: Discarding @Unique public method rotate in copycats-neoforge.mixins.json:foundation.copycat.CopycatBlockMixin from mod copycats because it already exists in com.copycatsplus.copycats.content.copycat.trapdoor.CopycatTrapdoorBlock
[22Sep2026 20:39:17.820] [modloading-worker-0/WARN] [mixin/]: Discarding @Unique public method mirror in copycats-neoforge.mixins.json:foundation.copycat.CopycatBlockMixin from mod copycats because it already exists in com.copycatsplus.copycats.content.copycat.trapdoor.CopycatTrapdoorBlock
[22Sep2026 20:39:17.820] [modloading-worker-0/WARN] [mixin/]: Discarding @Unique public method useItemOn in copycats-neoforge.mixins.json:foundation.copycat.CopycatBlockMixin from mod copycats because it already exists in com.copycatsplus.copycats.content.copycat.trapdoor.CopycatTrapdoorBlock
[22Sep2026 20:39:17.820] [modloading-worker-0/WARN] [mixin/]: Discarding @Unique public method useWithoutItem in copycats-neoforge.mixins.json:foundation.copycat.CopycatBlockMixin from mod copycats because it already exists in com.copycatsplus.copycats.content.copycat.trapdoor.CopycatTrapdoorBlock
[22Sep2026 20:39:17.836] [modloading-worker-0/INFO] [YetAnotherConfigLib/]: Deserializing ModConfig from 'D:\MINECRAFT\instances\aeronautica 6.0\minecraft\config\sounds\mod_utils.json'
[22Sep2026 20:39:17.836] [modloading-worker-0/WARN] [mixin/]: Discarding @Unique public method rotate in copycats-neoforge.mixins.json:foundation.copycat.CopycatBlockMixin from mod copycats because it already exists in com.copycatsplus.copycats.content.copycat.wall.CopycatWallBlock
[22Sep2026 20:39:17.836] [modloading-worker-0/WARN] [mixin/]: Discarding @Unique public method mirror in copycats-neoforge.mixins.json:foundation.copycat.CopycatBlockMixin from mod copycats because it already exists in com.copycatsplus.copycats.content.copycat.wall.CopycatWallBlock
[22Sep2026 20:39:17.837] [modloading-worker-0/WARN] [mixin/]: Discarding @Unique public method useItemOn in copycats-neoforge.mixins.json:foundation.copycat.CopycatBlockMixin from mod copycats because it already exists in com.copycatsplus.copycats.content.copycat.wall.CopycatWallBlock
[22Sep2026 20:39:17.837] [modloading-worker-0/WARN] [mixin/]: Discarding @Unique public method useWithoutItem in copycats-neoforge.mixins.json:foundation.copycat.CopycatBlockMixin from mod copycats because it already exists in com.copycatsplus.copycats.content.copycat.wall.CopycatWallBlock
[22Sep2026 20:39:17.842] [modloading-worker-0/INFO] [YetAnotherConfigLib/]: Deserializing UISoundsConfig from 'D:\MINECRAFT\instances\aeronautica 6.0\minecraft\config\sounds\ui.json'
[22Sep2026 20:39:17.856] [modloading-worker-0/WARN] [mixin/]: Discarding @Unique public method rotate in copycats-neoforge.mixins.json:foundation.copycat.CopycatBlockMixin from mod copycats because it already exists in com.copycatsplus.copycats.content.copycat.shaft.CopycatShaftBlock
[22Sep2026 20:39:17.856] [modloading-worker-0/WARN] [mixin/]: Discarding @Unique public method mirror in copycats-neoforge.mixins.json:foundation.copycat.CopycatBlockMixin from mod copycats because it already exists in com.copycatsplus.copycats.content.copycat.shaft.CopycatShaftBlock
[22Sep2026 20:39:17.856] [modloading-worker-0/WARN] [mixin/]: Discarding @Unique public method useItemOn in copycats-neoforge.mixins.json:foundation.copycat.CopycatBlockMixin from mod copycats because it already exists in com.copycatsplus.copycats.content.copycat.shaft.CopycatShaftBlock
[22Sep2026 20:39:17.857] [modloading-worker-0/WARN] [mixin/]: Discarding @Unique public method useWithoutItem in copycats-neoforge.mixins.json:foundation.copycat.CopycatBlockMixin from mod copycats because it already exists in com.copycatsplus.copycats.content.copycat.shaft.CopycatShaftBlock
[22Sep2026 20:39:17.858] [modloading-worker-0/INFO] [YetAnotherConfigLib/]: Deserializing EventSoundsConfig from 'D:\MINECRAFT\instances\aeronautica 6.0\minecraft\config\sounds\event.json'
[22Sep2026 20:39:17.867] [modloading-worker-0/INFO] [YetAnotherConfigLib/]: Deserializing WorldSoundsConfig from 'D:\MINECRAFT\instances\aeronautica 6.0\minecraft\config\sounds\world.json'
[22Sep2026 20:39:17.869] [modloading-worker-0/WARN] [mixin/]: Discarding @Unique public method rotate in copycats-neoforge.mixins.json:foundation.copycat.multistate.MultiStateCopycatBlockMixin from mod copycats because it already exists in com.copycatsplus.copycats.content.copycat.cogwheel.CopycatCogWheelBlock
[22Sep2026 20:39:17.869] [modloading-worker-0/WARN] [mixin/]: Discarding @Unique public method mirror in copycats-neoforge.mixins.json:foundation.copycat.multistate.MultiStateCopycatBlockMixin from mod copycats because it already exists in com.copycatsplus.copycats.content.copycat.cogwheel.CopycatCogWheelBlock
[22Sep2026 20:39:17.869] [modloading-worker-0/WARN] [mixin/]: Discarding @Unique public method useItemOn in copycats-neoforge.mixins.json:foundation.copycat.multistate.MultiStateCopycatBlockMixin from mod copycats because it already exists in com.copycatsplus.copycats.content.copycat.cogwheel.CopycatCogWheelBlock
[22Sep2026 20:39:17.869] [modloading-worker-0/WARN] [mixin/]: Discarding @Unique public method useWithoutItem in copycats-neoforge.mixins.json:foundation.copycat.multistate.MultiStateCopycatBlockMixin from mod copycats because it already exists in com.copycatsplus.copycats.content.copycat.cogwheel.CopycatCogWheelBlock
[22Sep2026 20:39:17.882] [modloading-worker-0/INFO] [YetAnotherConfigLib/]: Deserializing ChatSoundsConfig from 'D:\MINECRAFT\instances\aeronautica 6.0\minecraft\config\sounds\chat.json'
[22Sep2026 20:39:17.884] [modloading-worker-0/WARN] [mixin/]: Discarding @Unique public method rotate in copycats-neoforge.mixins.json:foundation.copycat.CopycatBlockMixin from mod copycats because it already exists in com.copycatsplus.copycats.content.copycat.fluid_pipe.CopycatFluidPipeBlock
[22Sep2026 20:39:17.884] [modloading-worker-0/WARN] [mixin/]: Discarding @Unique public method mirror in copycats-neoforge.mixins.json:foundation.copycat.CopycatBlockMixin from mod copycats because it already exists in com.copycatsplus.copycats.content.copycat.fluid_pipe.CopycatFluidPipeBlock
[22Sep2026 20:39:17.884] [modloading-worker-0/WARN] [mixin/]: Discarding @Unique public method useItemOn in copycats-neoforge.mixins.json:foundation.copycat.CopycatBlockMixin from mod copycats because it already exists in com.copycatsplus.copycats.content.copycat.fluid_pipe.CopycatFluidPipeBlock
[22Sep2026 20:39:17.884] [modloading-worker-0/WARN] [mixin/]: Discarding @Unique public method useWithoutItem in copycats-neoforge.mixins.json:foundation.copycat.CopycatBlockMixin from mod copycats because it already exists in com.copycatsplus.copycats.content.copycat.fluid_pipe.CopycatFluidPipeBlock
[22Sep2026 20:39:17.892] [modloading-worker-0/INFO] [Immersive Thunder/]: ImmersiveThunder loaded
[22Sep2026 20:39:17.893] [modloading-worker-0/INFO] [boulders/]: Gathering boulders from the void...
[22Sep2026 20:39:17.893] [modloading-worker-0/INFO] [com.happysg.radar.CreateRadar/]: Initializing Create Radar!
[22Sep2026 20:39:17.895] [modloading-worker-0/WARN] [mixin/]: Discarding @Unique public method rotate in copycats-neoforge.mixins.json:foundation.copycat.CopycatBlockMixin from mod copycats because it already exists in com.copycatsplus.copycats.content.copycat.pane.CopycatPaneBlock
[22Sep2026 20:39:17.895] [modloading-worker-0/WARN] [mixin/]: Discarding @Unique public method mirror in copycats-neoforge.mixins.json:foundation.copycat.CopycatBlockMixin from mod copycats because it already exists in com.copycatsplus.copycats.content.copycat.pane.CopycatPaneBlock
[22Sep2026 20:39:17.895] [modloading-worker-0/WARN] [mixin/]: Discarding @Unique public method useItemOn in copycats-neoforge.mixins.json:foundation.copycat.CopycatBlockMixin from mod copycats because it already exists in com.copycatsplus.copycats.content.copycat.pane.CopycatPaneBlock
[22Sep2026 20:39:17.895] [modloading-worker-0/WARN] [mixin/]: Discarding @Unique public method useWithoutItem in copycats-neoforge.mixins.json:foundation.copycat.CopycatBlockMixin from mod copycats because it already exists in com.copycatsplus.copycats.content.copycat.pane.CopycatPaneBlock
[22Sep2026 20:39:17.918] [modloading-worker-0/INFO] [me.treyruffy.betterf3.BetterF3NeoForge/]: [BetterF3] Starting...
[22Sep2026 20:39:17.918] [modloading-worker-0/INFO] [YetAnotherConfigLib/]: Deserializing YACLConfig from 'D:\MINECRAFT\instances\aeronautica 6.0\minecraft\config\yacl.json5'
[22Sep2026 20:39:17.919] [modloading-worker-0/INFO] [me.treyruffy.betterf3.BetterF3NeoForge/]: [BetterF3] Loading...
[22Sep2026 20:39:17.928] [modloading-worker-0/INFO] [com.happysg.radar.CreateRadar/]: Registering Items!
[22Sep2026 20:39:17.930] [modloading-worker-0/WARN] [mixin/]: Discarding @Unique public method onLoad in copycats-neoforge.mixins.json:foundation.copycat.CopycatBlockEntityMixin from mod copycats because it already exists in com.copycatsplus.copycats.foundation.copycat.CCCopycatBlockEntity
[22Sep2026 20:39:17.934] [modloading-worker-0/INFO] [com.yyon.grapplinghook.GrappleMod/]: [Grapplemod] NeoForge entrypoint running.
[22Sep2026 20:39:17.934] [modloading-worker-0/WARN] [mixin/]: Discarding @Unique public method onLoad in copycats-neoforge.mixins.json:foundation.copycat.multistate.MultiStateCopycatBlockEntityMixin from mod copycats because it already exists in com.copycatsplus.copycats.foundation.copycat.multistate.MultiStateCopycatBlockEntity
[22Sep2026 20:39:17.940] [modloading-worker-0/WARN] [mixin/]: Discarding @Unique public method onLoad in copycats-neoforge.mixins.json:foundation.copycat.CopycatBlockEntityMixin from mod copycats because it already exists in com.copycatsplus.copycats.content.copycat.shaft.CopycatShaftBlockEntity
[22Sep2026 20:39:17.948] [modloading-worker-0/WARN] [mixin/]: Discarding @Unique public method onLoad in copycats-neoforge.mixins.json:foundation.copycat.multistate.MultiStateCopycatBlockEntityMixin from mod copycats because it already exists in com.copycatsplus.copycats.content.copycat.cogwheel.CopycatCogWheelBlockEntity
[22Sep2026 20:39:17.951] [modloading-worker-0/WARN] [mixin/]: Discarding @Unique public method onLoad in copycats-neoforge.mixins.json:foundation.copycat.CopycatBlockEntityMixin from mod copycats because it already exists in com.copycatsplus.copycats.content.copycat.fluid_pipe.CopycatFluidPipeBlockEntity
[22Sep2026 20:39:17.954] [modloading-worker-0/WARN] [mixin/]: Discarding @Unique public method onLoad in copycats-neoforge.mixins.json:foundation.copycat.CopycatBlockEntityMixin from mod copycats because it already exists in com.copycatsplus.copycats.content.copycat.fluid_pipe.CopycatStraightPipeBlockEntity
[22Sep2026 20:39:17.957] [modloading-worker-0/INFO] [me.treyruffy.betterf3.BetterF3NeoForge/]: [BetterF3] All done!
[22Sep2026 20:39:17.958] [modloading-worker-0/WARN] [mixin/]: Discarding @Unique public method onLoad in copycats-neoforge.mixins.json:foundation.copycat.CopycatBlockEntityMixin from mod copycats because it already exists in com.copycatsplus.copycats.content.copycat.sliding_door.CopycatSlidingDoorBlockEntity
[22Sep2026 20:39:17.963] [modloading-worker-0/WARN] [mixin/]: Discarding @Unique public method useItemOn in copycats-common.mixins.json:copycat.step.CopycatStepBlockMixin from mod copycats because it already exists in com.simibubi.create.content.decoration.copycat.CopycatStepBlock
[22Sep2026 20:39:17.969] [modloading-worker-0/WARN] [mixin/]: Discarding @Unique public method useItemOn in copycats-common.mixins.json:copycat.panel.CopycatPanelBlockMixin from mod copycats because it already exists in com.simibubi.create.content.decoration.copycat.CopycatPanelBlock
[22Sep2026 20:39:17.969] [modloading-worker-0/WARN] [mixin/]: Discarding @Unique public method mirror in copycats-common.mixins.json:copycat.panel.CopycatPanelBlockMixin from mod copycats because it already exists in com.simibubi.create.content.decoration.copycat.CopycatPanelBlock
[22Sep2026 20:39:17.969] [modloading-worker-0/WARN] [mixin/]: Discarding @Unique public method rotate in copycats-common.mixins.json:copycat.panel.CopycatPanelBlockMixin from mod copycats because it already exists in com.simibubi.create.content.decoration.copycat.CopycatPanelBlock
[22Sep2026 20:39:17.984] [modloading-worker-0/INFO] [com.happysg.radar.CreateRadar/]: Registering blocks!
[22Sep2026 20:39:17.993] [modloading-worker-0/INFO] [YetAnotherConfigLib/]: Deserializing GrappleModCommonConfig from 'D:\MINECRAFT\instances\aeronautica 6.0\minecraft\config\grapplemod-common.json'
[22Sep2026 20:39:18.004] [modloading-worker-0/WARN] [com.yyon.grapplinghook.GrappleMod/]: Tried to broadcast packet while no server was running.
[22Sep2026 20:39:18.004] [modloading-worker-0/INFO] [com.yyon.grapplinghook.GrappleMod/]: Using client-provided common config.
[22Sep2026 20:39:18.005] [modloading-worker-0/INFO] [com.happysg.radar.CreateRadar/]: Registering block entity types!
[22Sep2026 20:39:18.005] [modloading-worker-0/INFO] [com.yyon.grapplinghook.GrappleMod/]: Registering item data components
[22Sep2026 20:39:18.007] [modloading-worker-0/INFO] [com.happysg.radar.CreateRadar/]: Registering CreativeTabs!
[22Sep2026 20:39:18.007] [modloading-worker-0/INFO] [com.happysg.radar.CreateRadar/]: Registering Lang!
[22Sep2026 20:39:18.012] [modloading-worker-0/INFO] [com.yyon.grapplinghook.GrappleMod/]: Defining armour material: grapplemod:long_fall_boot_ish
[22Sep2026 20:39:18.083] [modloading-worker-0/INFO] [com.yyon.grapplinghook.GrappleMod/]: Registering Mod Menus
[22Sep2026 20:39:18.138] [modloading-worker-0/INFO] [com.yyon.grapplinghook.GrappleMod/]: Re-assigning datapack reload listener...
[22Sep2026 20:39:18.139] [modloading-worker-0/INFO] [com.yyon.grapplinghook.GrappleMod/]: Loading default data packs...
[22Sep2026 20:39:18.140] [modloading-worker-0/INFO] [com.yyon.grapplinghook.GrappleMod/]: All done with datapacks!
[22Sep2026 20:39:18.146] [modloading-worker-0/INFO] [YetAnotherConfigLib/]: Deserializing GrappleModClientConfig from 'D:\MINECRAFT\instances\aeronautica 6.0\minecraft\config\grapplemod-client.json'
[22Sep2026 20:39:18.226] [modloading-worker-0/INFO] [com.yyon.grapplinghook.GrappleMod/]: Getting Model Layer Location: minecraft:long_fall_boots#armor
[22Sep2026 20:39:18.249] [modloading-worker-0/INFO] [com.yyon.grapplinghook.GrappleMod/]: Known Layers: [minecraft:piglin_head#main, minecraft:ravager#main, minecraft:skeleton_horse#main, minecraft:zombie_horse#main, minecraft:sheep#main, minecraft:giant#inner_armor, minecraft:ocelot#main, minecraft:player_slim#inner_armor, minecraft:player#outer_armor, minecraft:sheep#fur, minecraft:piglin_brute#outer_armor, minecraft:bed_head#main, minecraft:fox#main, minecraft:stray#inner_armor, minecraft:tropical_fish_large#main, minecraft:chest_minecart#main, minecraft:turtle#main, minecraft:hopper_minecart#main, minecraft:breeze#main, minecraft:bogged#outer_armor, minecraft:allay#main, minecraft:bell#main, minecraft:endermite#main, minecraft:wither_skeleton_skull#main, minecraft:zombified_piglin#inner_armor, minecraft:breeze_wind#main, minecraft:stray#outer, minecraft:evoker#main, minecraft:cat#main, minecraft:tropical_fish_small#main, minecraft:witch#main, minecraft:command_block_minecart#main, minecraft:bogged#main, minecraft:evoker_fangs#main, minecraft:pig#saddle, minecraft:hoglin#main, minecraft:wither#armor, minecraft:zombie_villager#inner_armor, minecraft:mooshroom#main, minecraft:vindicator#main, minecraft:cat#collar, minecraft:slime#main, minecraft:shield#main, minecraft:horse#main, minecraft:spawner_minecart#main, minecraft:skeleton_skull#main, minecraft:drowned#outer, minecraft:panda#main, minecraft:piglin_brute#main, minecraft:trident#main, minecraft:villager#main, minecraft:guardian#main, minecraft:conduit#eye, minecraft:double_chest_left#main, minecraft:tropical_fish_large#pattern, minecraft:conduit#wind, minecraft:armor_stand#inner_armor, minecraft:enderman#main, minecraft:husk#main, minecraft:piglin#outer_armor, minecraft:salmon#main, minecraft:silverfish#main, minecraft:glow_squid#main, minecraft:illusioner#main, minecraft:spin_attack#main, minecraft:wither#main, minecraft:shulker_bullet#main, minecraft:cave_spider#main, minecraft:skeleton#outer_armor, minecraft:creeper_head#main, minecraft:wolf_armor#main, minecraft:llama_spit#main, minecraft:zombie_head#main, minecraft:mule#main, minecraft:pig#main, minecraft:chicken#main, minecraft:phantom#main, minecraft:tadpole#main, minecraft:wither_skull#main, minecraft:spider#main, minecraft:zombie#outer_armor, minecraft:husk#inner_armor, minecraft:dolphin#main, minecraft:leash_knot#main, minecraft:double_chest_right#main, minecraft:pufferfish_small#main, minecraft:zombified_piglin#outer_armor, minecraft:horse_armor#main, minecraft:drowned#main, minecraft:zombie_villager#outer_armor, minecraft:squid#main, minecraft:goat#main, minecraft:bat#main, minecraft:banner#main, minecraft:strider#saddle, minecraft:bogged#outer, minecraft:decorated_pot_sides#main, minecraft:end_crystal#main, minecraft:piglin#main, minecraft:zoglin#main, minecraft:strider#main, minecraft:giant#outer_armor, minecraft:player_slim#outer_armor, minecraft:parrot#main, minecraft:snow_golem#main, minecraft:cod#main, minecraft:zombie#main, minecraft:ender_dragon#main, minecraft:elytra#main, minecraft:wither_skeleton#inner_armor, minecraft:trader_llama#main, minecraft:piglin_brute#inner_armor, minecraft:player_head#main, minecraft:chest#main, minecraft:dragon_skull#main, minecraft:slime#outer, minecraft:zombified_piglin#main, minecraft:iron_golem#main, minecraft:warden#main, minecraft:wither_skeleton#main, minecraft:tropical_fish_small#pattern, minecraft:conduit#cage, minecraft:elder_guardian#main, minecraft:skeleton#main, minecraft:stray#outer_armor, minecraft:camel#main, minecraft:sniffer#main, minecraft:armor_stand#main, minecraft:decorated_pot_base#main, minecraft:skeleton#inner_armor, minecraft:creeper#main, minecraft:pufferfish_medium#main, minecraft:zombie_villager#main, minecraft:bogged#inner_armor, minecraft:blaze#main, minecraft:giant#main, minecraft:long_fall_boots#armor, minecraft:player_slim#main, minecraft:stray#main, minecraft:piglin#inner_armor, minecraft:pufferfish_big#main, minecraft:donkey#main, minecraft:drowned#inner_armor, minecraft:tnt_minecart#main, minecraft:cow#main, minecraft:llama#decor, minecraft:drowned#outer_armor, minecraft:magma_cube#main, minecraft:pillager#main, minecraft:bee#main, minecraft:bed_foot#main, minecraft:vex#main, minecraft:frog#main, minecraft:wolf#main, minecraft:axolotl#main, minecraft:creeper#armor, minecraft:rabbit#main, minecraft:llama#main, minecraft:armor_stand#outer_armor, minecraft:polar_bear#main, minecraft:husk#outer_armor, minecraft:wind_charge#main, minecraft:zombie#inner_armor, minecraft:conduit#shell, minecraft:furnace_minecart#main, minecraft:armadillo#main, minecraft:ghast#main, minecraft:player#inner_armor, minecraft:shulker#main, minecraft:player#main, minecraft:minecart#main, minecraft:book#main, minecraft:wandering_trader#main, minecraft:wither_skeleton#outer_armor]
[22Sep2026 20:39:18.630] [modloading-worker-0/INFO] [Railways/]: Registered bogey styles from railways
[22Sep2026 20:39:18.679] [modloading-worker-0/INFO] [KubeJS Startup/]: Loaded script startup_scripts:item_registry.js in 0.051 s
[22Sep2026 20:39:18.679] [modloading-worker-0/INFO] [KubeJS Startup/]: startup_scripts:main.js#2: Hello, World! (Loaded startup example script)
[22Sep2026 20:39:18.680] [modloading-worker-0/INFO] [KubeJS Startup/]: Loaded script startup_scripts:main.js in 0.001 s
[22Sep2026 20:39:18.682] [modloading-worker-0/INFO] [KubeJS Startup/]: Loaded 2/2 KubeJS startup scripts in 1.021 s with 0 errors and 0 warnings
[22Sep2026 20:39:18.717] [modloading-worker-0/INFO] [KubeJS Client/]: client_scripts:main.js#2: Hello, World! (Loaded client example script)
[22Sep2026 20:39:18.717] [modloading-worker-0/INFO] [KubeJS Client/]: Loaded script client_scripts:main.js in 0.0 s
[22Sep2026 20:39:18.717] [modloading-worker-0/INFO] [KubeJS Client/]: Loaded 1/1 KubeJS client scripts in 0.034 s with 0 errors and 0 warnings
[22Sep2026 20:39:18.724] [modloading-worker-0/INFO] [KubeJS Startup/]: Validated 2 files in kubejs/assets/ in 1ms
[22Sep2026 20:39:18.724] [modloading-worker-0/INFO] [KubeJS Startup/]: Validated 0 files in kubejs/data/ in 0ms
[22Sep2026 20:39:18.782] [modloading-worker-0/INFO] [Railways/]: Registering data fixers
[22Sep2026 20:39:19.232] [modloading-worker-0/INFO] [com.ropefix.RopeFixMod/]: [ropefix] active - rope strands now survive structure-block copies
[22Sep2026 20:39:19.232] [modloading-worker-0/INFO] [com.weaversworkshop.grapplemod.compat.create.CreateCompatNeoForgeEntrypoint/]: [Grapple <-> Create] Entrypoint running (NeoForge).
[22Sep2026 20:39:19.232] [modloading-worker-0/INFO] [Create cobblestone NeoForge/]: Create cobblestone NeoForge initializing on platform: NeoForge
[22Sep2026 20:39:19.232] [modloading-worker-0/INFO] [com.weaversworkshop.grapplemod.compat.create.CreateCompatNeoForgeEntrypoint/]: [Grapple <-> Create] 'create' detected; loading integration module.
[22Sep2026 20:39:19.232] [modloading-worker-0/INFO] [GlaidensAudioCompat/]: [GlaidensAudioCompat] Loaded — Create / Aeronautics compat mod for Glaiden's Audio Mod
[22Sep2026 20:39:19.233] [modloading-worker-0/INFO] [Create: Interiors/]: Create: Interiors v0.6.1 initializing! Create version: 6.0.10 on platform: NeoForge
[22Sep2026 20:39:19.235] [modloading-worker-0/INFO] [com.weaversworkshop.grapplemod.compat.create.CreateCompatModule/]: [Grapple <-> Create] Integration module initializing.
[22Sep2026 20:39:19.240] [modloading-worker-0/INFO] [Create cobblestone NeoForge/]: Registering blocks for Create cobblestone NeoForge
[22Sep2026 20:39:19.240] [modloading-worker-0/WARN] [Create cobblestone NeoForge/]: Set generator stress tooltip stress to 8. (config not initialized, this is a common forge problem)
[22Sep2026 20:39:19.240] [modloading-worker-0/INFO] [com.yyon.grapplinghook.GrappleMod/]: Contraption integration installed: com.weaversworkshop.grapplemod.compat.create.CreateContraptionIntegration
[22Sep2026 20:39:19.240] [modloading-worker-0/INFO] [com.weaversworkshop.grapplemod.compat.create.CreateCompatNeoForgeEntrypoint/]: [Grapple <-> Create] SPI integration module loaded SUCCESSFULLY.
[22Sep2026 20:39:19.242] [modloading-worker-0/INFO] [Create cobblestone NeoForge/]: Registering blockEntities for Create cobblestone NeoForge
[22Sep2026 20:39:19.258] [modloading-worker-0/INFO] [dev.ryanhcode.sable.Sable/]: Sable loaded!
[22Sep2026 20:39:19.274] [modloading-worker-0/WARN] [dev.ryanhcode.sable.Sable/]: NOTE: Sable is loaded with Flywheel. Sable contains extensive shader overrides and a full light-storage replacement. Expect this to cause compatibility issues. If issues arise, please report them to the Sable issue tracker (https://github.com/ryanhcode/sable/issues) instead of the Flywheel issue tracker.
[22Sep2026 20:39:19.275] [modloading-worker-0/INFO] [com.weaversworkshop.grapplemod.compat.sable.SableCompatNeoForgeEntrypoint/]: [Grapple <-> Sable] Entrypoint running (NeoForge).
[22Sep2026 20:39:19.275] [modloading-worker-0/INFO] [com.sable.massview.SableMassView/]: ok
[22Sep2026 20:39:19.275] [modloading-worker-0/INFO] [com.weaversworkshop.grapplemod.compat.sable.SableCompatNeoForgeEntrypoint/]: [Grapple <-> Sable] 'sable' detected; loading integration module.
[22Sep2026 20:39:19.276] [modloading-worker-0/INFO] [fr0nick.sabledynlights.SableDynLightsMod/]: Sable Dynamic Lights initialized.
[22Sep2026 20:39:19.276] [modloading-worker-0/INFO] [com.example.cr_aero_structures.cr_aero_structures/]: Мод Create Aeronautics Structures загружается!
[22Sep2026 20:39:19.278] [modloading-worker-0/INFO] [com.weaversworkshop.grapplemod.compat.sable.SableCompatModule/]: [Grapple <-> Sable] Integration module initializing.
[22Sep2026 20:39:19.282] [modloading-worker-0/INFO] [com.yyon.grapplinghook.GrappleMod/]: Sub-level integration installed: com.weaversworkshop.grapplemod.compat.sable.SableSubLevelIntegration
[22Sep2026 20:39:19.283] [modloading-worker-0/INFO] [com.weaversworkshop.grapplemod.compat.sable.SableCompatNeoForgeEntrypoint/]: [Grapple <-> Sable] SPI integration module loaded SUCCESSFULLY.
[22Sep2026 20:39:19.284] [modloading-worker-0/INFO] [com.weaversworkshop.grapplemod.compat.sable.SableClientModule/]: [Grapple <-> Sable] Client module reusing integration instance from main module: com.weaversworkshop.grapplemod.compat.sable.SableSubLevelIntegration
[22Sep2026 20:39:19.286] [modloading-worker-0/INFO] [com.weaversworkshop.grapplemod.compat.sable.SableClientModule/]: [Grapple <-> Sable] Client sub-level tracking registered on ClientTickEvents.END_WORLD_TICK.
[22Sep2026 20:39:19.286] [modloading-worker-0/INFO] [com.weaversworkshop.grapplemod.compat.sable.SableCompatNeoForgeEntrypoint/]: [Grapple <-> Sable] Client integration module loaded SUCCESSFULLY.
[22Sep2026 20:39:19.308] [modloading-worker-0/INFO] [dev.cnyimin.flyhigher.FlyHigherConfig/]: Fly Higher config loaded: multiplier=1.0, nodes=5
[22Sep2026 20:39:19.309] [modloading-worker-0/INFO] [dev.cnyimin.flyhigher.FlyHigherConfig/]: Generated datapack at config\flyhigher_datapack\data\flyhigher\dimension_physics
[22Sep2026 20:39:19.358] [modloading-worker-0/INFO] [Barehanded/]: [Barehanded] Sable Player Ragdolls detected - compatibility enabled
[22Sep2026 20:39:19.360] [modloading-worker-0/INFO] [Barehanded/]: [Barehanded] Ragdoll compat registered: active
[22Sep2026 20:39:19.378] [modloading-worker-0/INFO] [SableBeyond/]: Hi there
[22Sep2026 20:39:19.440] [modloading-worker-0/INFO] [com.maxenonyme.AbyssDimension.CreateAbyss/]: Create Abyss is in development, content disabled in production
[22Sep2026 20:39:19.483] [modloading-worker-0/INFO] [com.kipti.bnb.CreateBitsnBobs/]: Bits 'n' Bobs is present!
[22Sep2026 20:39:19.483] [modloading-worker-0/INFO] [com.kipti.bnb.CreateBitsnBobs/]: Sorry for the disruption if any, I do poke around with the graphics of other mods
[22Sep2026 20:39:19.483] [modloading-worker-0/WARN] [com.kipti.bnb.CreateBitsnBobs/]: Bits 'n' bobs is replacing assets inside Create: Design n' Decor with ones using the default cogwheel model instead of the modified cogwheel model, this may cause some visual inconsitency!
[22Sep2026 20:39:19.688] [modloading-worker-0/WARN] [mixin/]: Method overwrite conflict for getCloak in playerAnimator-common.mixins.json:PlayerModelAccessor from mod playeranimator, previously written by dev.tr7zw.firstperson.mixins.PlayerModelMixin. Skipping method.
[22Sep2026 20:39:21.204] [modloading-sync-worker/INFO] [Moonlight/]: Initialized block sets in 20ms
[22Sep2026 20:39:21.882] [modloading-sync-worker/INFO] [SodiumExtras/Config]: Updating config cache
[22Sep2026 20:39:21.882] [modloading-sync-worker/INFO] [SodiumExtras/Config]: Cache updated successfully
[22Sep2026 20:39:22.228] [modloading-sync-worker/INFO] [dev.cnyimin.flyhigher.FlyHigherConfig/]: Generated datapack at config\flyhigher_datapack\data\flyhigher\dimension_physics
[22Sep2026 20:39:22.345] [Render thread/INFO] [Moonlight/]: Merging 2 images using mode MIN_AREA_NO_UPSCALE
[22Sep2026 20:39:22.558] [Render thread/INFO] [Veil/]: GL Debug supported
[22Sep2026 20:39:22.582] [Render thread/INFO] [Sodium/]: Block railways:copycat_headstock had its color provider replaced with com.simibubi.create.content.decoration.copycat.CopycatBlock$WrappedBlockColor@469f6527 and will not use per-vertex coloring
[22Sep2026 20:39:22.731] [Render thread/INFO] [com.vinlanx.explosionoverhaul.ExplosionOverhaul/]: Registered custom particle providers.
[22Sep2026 20:39:23.249] [Render thread/INFO] [com.mk2525.vsfluidlink.ModClientEvents/]: Registering BlockEntityRenderers for VsFluidLink
[22Sep2026 20:39:23.386] [Render thread/WARN] [mixin/]: @Inject(@At("FIELD")) Shift.BY=3 on better_contraption_diagram.mixins.json:COM_view.com_view_GoggleOverlayRenderer from mod better_contraption_diagram::handler$gha000$better_contraption_diagram$x exceeds the maximum allowed value: 0. Increase the value of maxShiftBy to suppress this warning.
[22Sep2026 20:39:23.546] [Render thread/INFO] [net.minecraft.server.packs.resources.ReloadableResourceManager/]: Reloading ResourceManager: vanilla, KubeJS Virtual Resource Pack [Before Mods, assets], mod_resources, mod/sodium, mod/c2me_fixes_worldgen_threading_issues, mod/sodiumextras, mod/createdeco, mod/azimuth, mod/playeranimator, mod/aeronautics_bundled, mod/apollib, mod/stonycliffs, mod/c2me_fixes_general_threading_issues, mod/simpleblood, mod/neoforge, mod/modernfix, mod/fabric_block_view_api_v2, mod/yungsapi, mod/veil, mod/createdieselgenerators, mod/c2me, mod/c2me_base, mod/cloth_config, mod/vista, mod/thick_air, mod/c2me_opts_dfc, mod/curios, mod/searchables, mod/vsfluidlink, mod/noisium, mod/effortless, mod/transition, mod/fabric_rendering_data_attachment_v1, mod/aerocopycats, mod/create_tweaked_controllers, mod/createbigcannons, mod/c2me_threading_lighting, mod/createtransmission, mod/structurify, mod/jei, mod/lithostitched, mod/irons_lib, mod/lithium, mod/aeronautics, mod/paxi, mod/glaidens_radio_mod, mod/c2me_rewrites_chunk_system, mod/simplefog, mod/c2me_opts_worldgen_vanilla, mod/c2me_opts_scheduling, mod/offroad, mod/tectonic, mod/s_a_b, mod/voicechat,voicechat_api, mod/sound_physics_remastered, mod/terrablender, mod/fabric_api_base, mod/mousetweaks, mod/necronomicon, mod/alltheleaks, mod/brewinandchewin, mod/notenoughanimations, mod/sablecompanion, mod/flywheel, mod/ponder, mod/greenhouseconfig_night_config, mod/c2me_notickvd, mod/sol_valheim_reforged, mod/minecraft_cursor, mod/entityculling, mod/backpacked, mod/yumi_mc_core, mod/lambdynlights_api, mod/treechop, mod/fabric_renderer_api_v1, mod/codecui, mod/geckolib, mod/explosionoverhaul, mod/streamsreflowing, mod/firstperson, mod/c2me_opts_natives_math, mod/simulated_addition, mod/ritchiesprojectilelib, mod/controlling, mod/lambdynlights, mod/item_obliterator, mod/coolrain, mod/sable_player_ragdoll_patch, mod/simulated, mod/c2me_opts_math, mod/medieval_buildings, mod/railways, mod/baguettelib, mod/struts, mod/betterclouds, mod/c2me_fixes_worldgen_vanilla_bugs, mod/pride, mod/irons_rpg_tweaks, mod/greenhouseconfig_toml, mod/create_connected, mod/farmersdelight, mod/entity_model_features, mod/mr_lukis_strongholds, mod/entity_texture_features, mod/c2me_fixes_chunkio_threading_issues, mod/c2me_client_uncapvd, mod/chunky, mod/greenhouseconfig, mod/naturaltemperature, mod/lootjs, mod/cbc_compact_mount, mod/architectury, mod/lambdynlights_runtime, mod/lanserverproperties, mod/mru, mod/moogs_structures, mod/framework, mod/c2me_rewrites_chunkio, mod/creategunpowder, mod/crawlondemand, mod/c2me_opts_allocs, mod/quickskin, mod/rhino, mod/kubejs, mod/swlmod, mod/copycats, mod/particlerain, mod/trender, mod/create, mod/dndecor, mod/scguns, mod/bits_n_bobs, mod/createcobblestone, mod/sable, mod/bits_n_tracks, mod/better_contraption_diagram, mod/aeronautics_utility_objects, mod/linearbearing, mod/flyhigher, mod/aero_cam_sync, mod/climbable_ropes, mod/kubejs_create, mod/tracks, mod/sable_beyond, mod/createburnerfuel, mod/interiors, mod/cr_aero_structures, mod/sabledynlights, mod/aeroencasedpipe, mod/sablemassview, mod/locometal_armor, mod/configured, mod/cbc_equally_opposite, mod/tlib, mod/effectual, mod/ropefix, mod/scgunsww1, mod/drivebywire, mod/aeroworks, mod/aeronautics_curios_compat, mod/compactflap, mod/ldfix, mod/ballastmod, mod/moonlight, mod/regions_unexplored, mod/jade, mod/sable_player_ragdoll, mod/barehanded, mod/ragdoll_corpse, mod/c2me_server_utils, mod/packagerspsic, mod/sounds, mod/mes, mod/spruceui, mod/nullscape, mod/immersivethunder, mod/create_radar, mod/c2me_opts_worldgen_general, mod/c2me_opts_chunkio, mod/boulders, mod/betteradvancedtooltips, mod/create_submarine,create_abyss,create_high_seas, mod/ferritecore, mod/yet_another_config_lib_v3, mod/grapplemod, mod/grapplemodcompat_sable, mod/grapplemodcompat_create, mod/betterf3, mod/glaidens_audio_compat, mod/createaddition, KubeJS Virtual Resource Pack [Internal, assets], KubeJS Virtual Resource Pack [After Mods, assets], KubeJS File Resource Pack [assets], moonlight:merged_pack, KubeJS Virtual Resource Pack [Last, assets]
[22Sep2026 20:39:23.548] [Render thread/WARN] [net.minecraft.server.packs.PathPackResources/]: Non [a-z0-9_.-] character in namespace LICENSE in pack , ignoring
[22Sep2026 20:39:23.562] [Render thread/WARN] [net.minecraft.server.packs.PathPackResources/]: Non [a-z0-9_.-] character in namespace LICENSE in pack , ignoring
[22Sep2026 20:39:23.572] [Worker-ResourceReload-0/INFO] [Moonlight/]: Resource cache state for CLIENT_RESOURCES: needs regeneration
[22Sep2026 20:39:23.573] [Worker-ResourceReload-0/INFO] [Moonlight/]: Starting runtime resource generation for pack type CLIENT_RESOURCES with generators [moonlight:dynamic_resources, vista:color_shaders]
[22Sep2026 20:39:23.574] [Worker-ResourceReload-0/WARN] [net.minecraft.server.packs.PathPackResources/]: Non [a-z0-9_.-] character in namespace LICENSE in pack , ignoring
[22Sep2026 20:39:23.575] [Render thread/INFO] [KubeJS Client/]: Client resource reload complete!
[22Sep2026 20:39:23.579] [Worker-ResourceReload-0/WARN] [net.minecraft.server.packs.PathPackResources/]: Non [a-z0-9_.-] character in namespace LICENSE in pack , ignoring
[22Sep2026 20:39:23.581] [Worker-ResourceReload-0/INFO] [Moonlight/]: Regenerating Dynamic CLIENT_RESOURCES Resources Provider [moonlight:dynamic_resources], requested by strategy REGEN_ON_EVERY_RELOAD
[22Sep2026 20:39:23.588] [Worker-ResourceReload-0/INFO] [Moonlight/]: Generated runtime CLIENT_RESOURCES for pack moonlight:dynamic_resources in 7.099 ms
[22Sep2026 20:39:23.589] [Worker-ResourceReload-0/INFO] [Moonlight/]: Regenerating Dynamic CLIENT_RESOURCES Resources Provider [vista:color_shaders], requested by strategy REGEN_ON_EVERY_RELOAD
[22Sep2026 20:39:23.596] [Worker-ResourceReload-0/INFO] [Moonlight/]: Generated runtime CLIENT_RESOURCES for pack vista:color_shaders in 6.926 ms
[22Sep2026 20:39:23.596] [Worker-ResourceReload-0/INFO] [Moonlight/]: Finished runtime resources generation for 2 packs in a total of 22.99 ms 
[22Sep2026 20:39:23.605] [Render thread/INFO] [EMF/]: [EMF]: EMF did not find the Iris API, disabling shadow pass detection
[22Sep2026 20:39:23.630] [Worker-ResourceReload-6/INFO] [voicechat/]: [voicechat] Compatibility version 20
[22Sep2026 20:39:23.631] [Worker-ResourceReload-8/INFO] [net.mc_orion.copycat_aero.aerocopycats/]: HELLO FROM COMMON SETUP
[22Sep2026 20:39:23.634] [NeoForge Version Check/INFO] [net.neoforged.fml.VersionChecker/]: [searchables] Starting version check at https://updates.blamejared.com/get?n=searchables&gv=1.21.1&ml=neoforge
[22Sep2026 20:39:23.650] [Worker-ResourceReload-5/INFO] [com.naturaltemperature.NaturalTemperature/]: Running common setup for NaturalTemperature.
[22Sep2026 20:39:23.652] [Worker-ResourceReload-5/INFO] [com.naturaltemperature.NaturalTemperature/]: Temperature modes registered.
[22Sep2026 20:39:23.654] [Worker-ResourceReload-5/INFO] [com.naturaltemperature.NaturalTemperature/]: Humidity modes registered.
[22Sep2026 20:39:23.715] [Render thread/ERROR] [net.minecraft.Util/]: Invalid path in pack: createdeco:textures/block/palettes/decals/BLANK_decal_dont_use.png, ignoring
[22Sep2026 20:39:23.718] [Worker-ResourceReload-3/WARN] [GeckoLib/]: Unsupported geometry json version for model scguns:geo/item/gun/browning_pistol.geo.json. Supported versions: 1.12.0
[22Sep2026 20:39:23.742] [Worker-ResourceReload-3/WARN] [GeckoLib/]: Unsupported geometry json version for model scguns:geo/item/gun/combat_winchester_shotgun.geo.json. Supported versions: 1.12.0
[22Sep2026 20:39:23.752] [Worker-ResourceReload-6/INFO] [voicechat/]: [voicechat] Loading plugins
[22Sep2026 20:39:23.768] [Worker-ResourceReload-6/INFO] [voicechat/]: [voicechat] Loaded 2 plugin(s)
[22Sep2026 20:39:23.768] [Worker-ResourceReload-6/INFO] [voicechat/]: [voicechat] Initializing plugins
[22Sep2026 20:39:23.779] [Worker-ResourceReload-3/WARN] [GeckoLib/]: Unsupported geometry json version for model scguns:geo/item/gun/fedorov_avtomat.geo.json. Supported versions: 1.12.0
[22Sep2026 20:39:23.782] [Worker-ResourceReload-9/WARN] [GeckoLib/]: Unsupported geometry json version: 1.21.0 for model scguns:geo/item/gun/fencer_carabine.geo.json. Supported versions: 1.12.0. Remove any rotated face UVs and re-export the model to fix
[22Sep2026 20:39:23.783] [Worker-ResourceReload-8/WARN] [GeckoLib/]: Unsupported geometry json version: 1.21.0 for model scguns:geo/item/gun/fedorov_rifle.geo.json. Supported versions: 1.12.0. Remove any rotated face UVs and re-export the model to fix
[22Sep2026 20:39:23.796] [Worker-ResourceReload-9/WARN] [GeckoLib/]: Unsupported geometry json version: 1.21.0 for model scguns:geo/item/gun/gale.geo.json. Supported versions: 1.12.0. Remove any rotated face UVs and re-export the model to fix
[22Sep2026 20:39:23.802] [NeoForge Version Check/INFO] [net.neoforged.fml.VersionChecker/]: [searchables] Found status: BETA Current: 1.0.2 Target: 1.0.2
[22Sep2026 20:39:23.802] [NeoForge Version Check/INFO] [net.neoforged.fml.VersionChecker/]: [voicechat] Starting version check at https://update.maxhenkel.de/neoforge/voicechat
[22Sep2026 20:39:23.806] [Worker-ResourceReload-6/INFO] [RadioCraft/]: [RadioCraft] Simple Voice Chat plugin initialized
[22Sep2026 20:39:23.811] [Worker-ResourceReload-6/INFO] [Sound Physics - General/]: Initializing Simple Voice Chat integration
[22Sep2026 20:39:23.811] [Worker-ResourceReload-6/INFO] [voicechat/]: [voicechat] Initialized 2 plugin(s)
[22Sep2026 20:39:23.813] [Worker-ResourceReload-6/INFO] [voicechat/]: [voicechat] Registering events for 'glaidens_radio_mod'
[22Sep2026 20:39:23.814] [Worker-ResourceReload-6/INFO] [voicechat/]: [voicechat] Registering events for 'sound_physics_remastered'
[22Sep2026 20:39:23.827] [Worker-ResourceReload-10/WARN] [net.minecraft.client.sounds.SoundManager/]: File design_decor:sounds/large_chain/break1.ogg does not exist, cannot add it to event dndecor:large_chain_break
[22Sep2026 20:39:23.828] [Worker-ResourceReload-10/WARN] [net.minecraft.client.sounds.SoundManager/]: File design_decor:sounds/large_chain/break2.ogg does not exist, cannot add it to event dndecor:large_chain_break
[22Sep2026 20:39:23.828] [Worker-ResourceReload-10/WARN] [net.minecraft.client.sounds.SoundManager/]: File design_decor:sounds/large_chain/break3.ogg does not exist, cannot add it to event dndecor:large_chain_break
[22Sep2026 20:39:23.828] [Worker-ResourceReload-10/WARN] [net.minecraft.client.sounds.SoundManager/]: File design_decor:sounds/large_chain/break4.ogg does not exist, cannot add it to event dndecor:large_chain_break
[22Sep2026 20:39:23.828] [Worker-ResourceReload-10/WARN] [net.minecraft.client.sounds.SoundManager/]: File design_decor:sounds/large_chain/place1.ogg does not exist, cannot add it to event dndecor:large_chain_step
[22Sep2026 20:39:23.828] [Worker-ResourceReload-10/WARN] [net.minecraft.client.sounds.SoundManager/]: File design_decor:sounds/large_chain/place2.ogg does not exist, cannot add it to event dndecor:large_chain_step
[22Sep2026 20:39:23.828] [Worker-ResourceReload-10/WARN] [net.minecraft.client.sounds.SoundManager/]: File design_decor:sounds/large_chain/place3.ogg does not exist, cannot add it to event dndecor:large_chain_step
[22Sep2026 20:39:23.829] [Worker-ResourceReload-10/WARN] [net.minecraft.client.sounds.SoundManager/]: File design_decor:sounds/large_chain/place4.ogg does not exist, cannot add it to event dndecor:large_chain_step
[22Sep2026 20:39:23.829] [Worker-ResourceReload-10/WARN] [net.minecraft.client.sounds.SoundManager/]: File design_decor:sounds/large_chain/place5.ogg does not exist, cannot add it to event dndecor:large_chain_step
[22Sep2026 20:39:23.829] [Worker-ResourceReload-10/WARN] [net.minecraft.client.sounds.SoundManager/]: File design_decor:sounds/large_chain/place6.ogg does not exist, cannot add it to event dndecor:large_chain_step
[22Sep2026 20:39:23.829] [Worker-ResourceReload-10/WARN] [net.minecraft.client.sounds.SoundManager/]: File design_decor:sounds/large_chain/break1.ogg does not exist, cannot add it to event dndecor:large_chain_place
[22Sep2026 20:39:23.829] [Worker-ResourceReload-10/WARN] [net.minecraft.client.sounds.SoundManager/]: File design_decor:sounds/large_chain/break2.ogg does not exist, cannot add it to event dndecor:large_chain_place
[22Sep2026 20:39:23.829] [Worker-ResourceReload-10/WARN] [net.minecraft.client.sounds.SoundManager/]: File design_decor:sounds/large_chain/break3.ogg does not exist, cannot add it to event dndecor:large_chain_place
[22Sep2026 20:39:23.829] [Worker-ResourceReload-10/WARN] [net.minecraft.client.sounds.SoundManager/]: File design_decor:sounds/large_chain/break4.ogg does not exist, cannot add it to event dndecor:large_chain_place
[22Sep2026 20:39:23.829] [Worker-ResourceReload-10/WARN] [net.minecraft.client.sounds.SoundManager/]: File design_decor:sounds/large_chain/place1.ogg does not exist, cannot add it to event dndecor:large_chain_hit
[22Sep2026 20:39:23.829] [Worker-ResourceReload-10/WARN] [net.minecraft.client.sounds.SoundManager/]: File design_decor:sounds/large_chain/place2.ogg does not exist, cannot add it to event dndecor:large_chain_hit
[22Sep2026 20:39:23.829] [Worker-ResourceReload-10/WARN] [net.minecraft.client.sounds.SoundManager/]: File design_decor:sounds/large_chain/place3.ogg does not exist, cannot add it to event dndecor:large_chain_hit
[22Sep2026 20:39:23.829] [Worker-ResourceReload-10/WARN] [net.minecraft.client.sounds.SoundManager/]: File design_decor:sounds/large_chain/place4.ogg does not exist, cannot add it to event dndecor:large_chain_hit
[22Sep2026 20:39:23.829] [Worker-ResourceReload-10/WARN] [net.minecraft.client.sounds.SoundManager/]: File design_decor:sounds/large_chain/place5.ogg does not exist, cannot add it to event dndecor:large_chain_hit
[22Sep2026 20:39:23.829] [Worker-ResourceReload-10/WARN] [net.minecraft.client.sounds.SoundManager/]: File design_decor:sounds/large_chain/place6.ogg does not exist, cannot add it to event dndecor:large_chain_hit
[22Sep2026 20:39:23.829] [Worker-ResourceReload-10/WARN] [net.minecraft.client.sounds.SoundManager/]: File design_decor:sounds/large_chain/place1.ogg does not exist, cannot add it to event dndecor:large_chain_fall
[22Sep2026 20:39:23.829] [Worker-ResourceReload-10/WARN] [net.minecraft.client.sounds.SoundManager/]: File design_decor:sounds/large_chain/place2.ogg does not exist, cannot add it to event dndecor:large_chain_fall
[22Sep2026 20:39:23.829] [Worker-ResourceReload-10/WARN] [net.minecraft.client.sounds.SoundManager/]: File design_decor:sounds/large_chain/place3.ogg does not exist, cannot add it to event dndecor:large_chain_fall
[22Sep2026 20:39:23.829] [Worker-ResourceReload-10/WARN] [net.minecraft.client.sounds.SoundManager/]: File design_decor:sounds/large_chain/place4.ogg does not exist, cannot add it to event dndecor:large_chain_fall
[22Sep2026 20:39:23.829] [Worker-ResourceReload-10/WARN] [net.minecraft.client.sounds.SoundManager/]: File design_decor:sounds/large_chain/place5.ogg does not exist, cannot add it to event dndecor:large_chain_fall
[22Sep2026 20:39:23.829] [Worker-ResourceReload-10/WARN] [net.minecraft.client.sounds.SoundManager/]: File design_decor:sounds/large_chain/place6.ogg does not exist, cannot add it to event dndecor:large_chain_fall
[22Sep2026 20:39:23.839] [Render thread/ERROR] [net.minecraft.Util/]: Invalid path in pack: create_submarine:textures/entity/mooring hook.png, ignoring
[22Sep2026 20:39:23.841] [Render thread/ERROR] [net.minecraft.Util/]: Invalid path in pack: byg:textures/block/track/TODO.txt, ignoring
[22Sep2026 20:39:23.855] [Worker-ResourceReload-5/WARN] [GeckoLib/]: Found animation file with improper file name format; animation files should end in .animation.json: 'irons_lib:animations/wizard_armor_animation.json'
[22Sep2026 20:39:23.910] [Worker-ResourceReload-9/WARN] [GeckoLib/]: Unsupported geometry json version: 1.21.0 for model scguns:geo/item/gun/luger.geo.json. Supported versions: 1.12.0. Remove any rotated face UVs and re-export the model to fix
[22Sep2026 20:39:23.916] [Worker-ResourceReload-3/WARN] [GeckoLib/]: Unsupported geometry json version for model scguns:geo/item/gun/madsen.geo.json. Supported versions: 1.12.0
[22Sep2026 20:39:23.913] [Render thread/WARN] [com.mk2525.vsfluidlink.VsFluidLinkMod/]: Create BlockStressValues class not found
[22Sep2026 20:39:23.929] [Worker-ResourceReload-1/ERROR] [net.minecraft.Util/]: Invalid path in pack: createdeco:textures/block/palettes/decals/BLANK_decal_dont_use.png, ignoring
[22Sep2026 20:39:23.935] [Worker-ResourceReload-3/WARN] [GeckoLib/]: Unsupported geometry json version for model scguns:geo/item/gun/mauser.geo.json. Supported versions: 1.12.0
[22Sep2026 20:39:23.948] [Worker-ResourceReload-3/WARN] [GeckoLib/]: Unsupported geometry json version: 1.21.0 for model scguns:geo/item/gun/mosin_grenade_launcher.geo.json. Supported versions: 1.12.0. Remove any rotated face UVs and re-export the model to fix
[22Sep2026 20:39:23.949] [Worker-ResourceReload-8/WARN] [GeckoLib/]: Unsupported geometry json version: 1.21.0 for model scguns:geo/item/gun/mosin_sawnoff.geo.json. Supported versions: 1.12.0. Remove any rotated face UVs and re-export the model to fix
[22Sep2026 20:39:23.955] [Worker-ResourceReload-9/WARN] [GeckoLib/]: Unsupported geometry json version: 1.21.0 for model scguns:geo/item/gun/mosin_nagant.geo.json. Supported versions: 1.12.0. Remove any rotated face UVs and re-export the model to fix
[22Sep2026 20:39:23.957] [Worker-ResourceReload-3/WARN] [GeckoLib/]: Unsupported geometry json version for model scguns:geo/item/gun/nambu_pistol.geo.json. Supported versions: 1.12.0
[22Sep2026 20:39:23.959] [Worker-ResourceReload-3/WARN] [GeckoLib/]: Unsupported geometry json version: 1.21.0 for model scguns:geo/item/gun/obrez_pistol.geo.json. Supported versions: 1.12.0. Remove any rotated face UVs and re-export the model to fix
[22Sep2026 20:39:23.982] [Worker-ResourceReload-4/INFO] [net.minecraft.client.gui.font.providers.UnihexProvider/]: Found unifont_all_no_pua-15.1.05.hex, loading
[22Sep2026 20:39:23.989] [Worker-ResourceReload-7/WARN] [GeckoLib/]: Unsupported geometry json version: 1.21.0 for model scguns:geo/item/gun/rocket_rifle.geo.json. Supported versions: 1.12.0. Remove any rotated face UVs and re-export the model to fix
[22Sep2026 20:39:23.991] [Worker-ResourceReload-3/WARN] [GeckoLib/]: Unsupported geometry json version: 1.21.0 for model scguns:geo/item/gun/sawnoff_shotgun.geo.json. Supported versions: 1.12.0. Remove any rotated face UVs and re-export the model to fix
[22Sep2026 20:39:24.003] [Render thread/INFO] [Framework/SYNCED_ENTITY_DATA]: Registered synced data key backpacked:unlock_tracker for minecraft:player
[22Sep2026 20:39:24.004] [Render thread/INFO] [Framework/SYNCED_ENTITY_DATA]: Registered synced data key backpacked:trader_pickpocketing for minecraft:wandering_trader
[22Sep2026 20:39:24.004] [Render thread/INFO] [Framework/SYNCED_ENTITY_DATA]: Registered synced data key backpacked:backpack for minecraft:player
[22Sep2026 20:39:24.004] [Render thread/INFO] [Framework/SYNCED_ENTITY_DATA]: Registered synced data key backpacked:backpacks for minecraft:player
[22Sep2026 20:39:24.004] [Render thread/INFO] [Framework/SYNCED_ENTITY_DATA]: Registered synced data key backpacked:cosmetic_backpack for minecraft:player
[22Sep2026 20:39:24.004] [Render thread/INFO] [Framework/SYNCED_ENTITY_DATA]: Registered synced data key backpacked:selected_backpack for minecraft:player
[22Sep2026 20:39:24.004] [Render thread/INFO] [Framework/SYNCED_ENTITY_DATA]: Registered synced data key backpacked:unlockable_backpack_slots for minecraft:player
[22Sep2026 20:39:24.004] [Render thread/INFO] [Framework/SYNCED_ENTITY_DATA]: Registered synced data key backpacked:immortal_cooldown for minecraft:player
[22Sep2026 20:39:24.004] [Render thread/INFO] [Framework/SYNCED_ENTITY_DATA]: Registered synced data key backpacked:backpack_scale for minecraft:player
[22Sep2026 20:39:24.018] [Worker-ResourceReload-8/WARN] [GeckoLib/]: Unsupported geometry json version: 1.21.0 for model scguns:geo/item/gun/trotters.geo.json. Supported versions: 1.12.0. Remove any rotated face UVs and re-export the model to fix
[22Sep2026 20:39:24.035] [NeoForge Version Check/INFO] [net.neoforged.fml.VersionChecker/]: [voicechat] Found status: OUTDATED Current: 1.21.1-2.6.20 Target: 1.21.1-2.6.24
[22Sep2026 20:39:24.035] [NeoForge Version Check/INFO] [net.neoforged.fml.VersionChecker/]: [sound_physics_remastered] Starting version check at https://update.maxhenkel.de/neoforge/sound_physics_remastered
[22Sep2026 20:39:24.036] [Worker-ResourceReload-3/WARN] [GeckoLib/]: Unsupported geometry json version for model scguns:geo/item/gun/winchester_shotgun.geo.json. Supported versions: 1.12.0
[22Sep2026 20:39:24.064] [Worker-ResourceReload-1/ERROR] [net.minecraft.Util/]: Invalid path in pack: byg:textures/block/track/TODO.txt, ignoring
[22Sep2026 20:39:24.078] [Render thread/INFO] [necronomicon/]: File exists, reading config for elocindev.item_obliterator.neoforge.config.ConfigEntries.
[22Sep2026 20:39:24.083] [NeoForge Version Check/INFO] [net.neoforged.fml.VersionChecker/]: [sound_physics_remastered] Found status: BETA Current: 1.21.1-1.5.1 Target: 1.21.1-1.5.1
[22Sep2026 20:39:24.084] [NeoForge Version Check/INFO] [net.neoforged.fml.VersionChecker/]: [controlling] Starting version check at https://updates.blamejared.com/get?n=controlling&gv=1.21.1&ml=neoforge
[22Sep2026 20:39:24.093] [Render thread/INFO] [necronomicon/]: Config for elocindev.item_obliterator.neoforge.config.ConfigEntries read successfully.
[22Sep2026 20:39:24.096] [Render thread/INFO] [elocindev.item_obliterator.neoforge.ItemObliterator/]: Loaded NeoForge Item Obliterator config.
[22Sep2026 20:39:24.120] [Worker-ResourceReload-1/ERROR] [net.minecraft.Util/]: Invalid path in pack: createdeco:textures/block/palettes/decals/BLANK_decal_dont_use.png, ignoring
[22Sep2026 20:39:24.124] [NeoForge Version Check/INFO] [net.neoforged.fml.VersionChecker/]: [controlling] Found status: BETA Current: 19.0.5 Target: 19.0.5
[22Sep2026 20:39:24.124] [NeoForge Version Check/INFO] [net.neoforged.fml.VersionChecker/]: [create_connected] Starting version check at https://raw.githubusercontent.com/hlysine/create_connected/main/update.json
[22Sep2026 20:39:24.128] [Render thread/INFO] [GlaidensAudioCompat/]: [GlaidensAudioCompat] Registered MovementBehaviours for transmitter, towers, receivers, boombox
[22Sep2026 20:39:24.208] [Worker-ResourceReload-1/ERROR] [net.minecraft.Util/]: Invalid path in pack: create_submarine:textures/entity/mooring hook.png, ignoring
[22Sep2026 20:39:24.248] [Worker-ResourceReload-6/ERROR] [net.minecraft.client.resources.model.ModelManager/]: Failed to load blockstate create_radar:blockstates/radome.json from pack mod/create_radar
com.google.gson.JsonParseException: java.io.EOFException: End of input at line 1 column 1 path $
	at TRANSFORMER/minecraft@1.21.1/net.minecraft.util.GsonHelper.fromNullableJson(GsonHelper.java:527) ~[client-1.21.1-20240808.144430-srg.jar%23331!/:?]
	at TRANSFORMER/minecraft@1.21.1/net.minecraft.util.GsonHelper.fromJson(GsonHelper.java:532) ~[client-1.21.1-20240808.144430-srg.jar%23331!/:?]
	at TRANSFORMER/minecraft@1.21.1/net.minecraft.util.GsonHelper.parse(GsonHelper.java:594) ~[client-1.21.1-20240808.144430-srg.jar%23331!/:?]
	at TRANSFORMER/minecraft@1.21.1/net.minecraft.util.GsonHelper.parse(GsonHelper.java:602) ~[client-1.21.1-20240808.144430-srg.jar%23331!/:?]
	at TRANSFORMER/minecraft@1.21.1/net.minecraft.client.resources.model.ModelManager.lambda$loadBlockStates$12(ModelManager.java:180) ~[client-1.21.1-20240808.144430-srg.jar%23331!/:?]
	at java.base/java.util.concurrent.CompletableFuture$AsyncSupply.run(CompletableFuture.java:1768) [?:?]
	at java.base/java.util.concurrent.CompletableFuture$AsyncSupply.exec(CompletableFuture.java:1760) [?:?]
	at java.base/java.util.concurrent.ForkJoinTask.doExec(ForkJoinTask.java:387) [?:?]
	at java.base/java.util.concurrent.ForkJoinPool$WorkQueue.topLevelExec(ForkJoinPool.java:1312) [?:?]
	at java.base/java.util.concurrent.ForkJoinPool.scan(ForkJoinPool.java:1843) [?:?]
	at java.base/java.util.concurrent.ForkJoinPool.runWorker(ForkJoinPool.java:1808) [?:?]
	at java.base/java.util.concurrent.ForkJoinWorkerThread.run(ForkJoinWorkerThread.java:188) [?:?]
Caused by: java.io.EOFException: End of input at line 1 column 1 path $
	at MC-BOOTSTRAP/com.google.gson@2.10.1/com.google.gson.stream.JsonReader.nextNonWhitespace(JsonReader.java:1457) ~[gson-2.10.1.jar%23123!/:?]
	at MC-BOOTSTRAP/com.google.gson@2.10.1/com.google.gson.stream.JsonReader.doPeek(JsonReader.java:558) ~[gson-2.10.1.jar%23123!/:?]
	at MC-BOOTSTRAP/com.google.gson@2.10.1/com.google.gson.stream.JsonReader.peek(JsonReader.java:433) ~[gson-2.10.1.jar%23123!/:?]
	at MC-BOOTSTRAP/com.google.gson@2.10.1/com.google.gson.internal.bind.TypeAdapters$28.read(TypeAdapters.java:769) ~[gson-2.10.1.jar%23123!/:?]
	at MC-BOOTSTRAP/com.google.gson@2.10.1/com.google.gson.internal.bind.TypeAdapters$28.read(TypeAdapters.java:725) ~[gson-2.10.1.jar%23123!/:?]
	at MC-BOOTSTRAP/com.google.gson@2.10.1/com.google.gson.internal.bind.TypeAdapters$34$1.read(TypeAdapters.java:1007) ~[gson-2.10.1.jar%23123!/:?]
	at TRANSFORMER/minecraft@1.21.1/net.minecraft.util.GsonHelper.fromNullableJson(GsonHelper.java:525) ~[client-1.21.1-20240808.144430-srg.jar%23331!/:?]
	... 11 more
[22Sep2026 20:39:24.259] [NeoForge Version Check/INFO] [net.neoforged.fml.VersionChecker/]: [create_connected] Found status: OUTDATED Current: 1.3.2-mc1.21.1 Target: 1.3.3-mc1.21.1
[22Sep2026 20:39:24.259] [NeoForge Version Check/INFO] [net.neoforged.fml.VersionChecker/]: [mr_lukis_strongholds] Starting version check at https://api.modrinth.com/updates/reQ63xx3/forge_updates.json?neoforge=only
[22Sep2026 20:39:24.270] [Worker-ResourceReload-8/ERROR] [net.minecraft.client.resources.model.ModelManager/]: Failed to load blockstate create_radar:blockstates/shield_jammer.json from pack mod/create_radar
com.google.gson.JsonParseException: java.io.EOFException: End of input at line 1 column 1 path $
	at TRANSFORMER/minecraft@1.21.1/net.minecraft.util.GsonHelper.fromNullableJson(GsonHelper.java:527) ~[client-1.21.1-20240808.144430-srg.jar%23331!/:?]
	at TRANSFORMER/minecraft@1.21.1/net.minecraft.util.GsonHelper.fromJson(GsonHelper.java:532) ~[client-1.21.1-20240808.144430-srg.jar%23331!/:?]
	at TRANSFORMER/minecraft@1.21.1/net.minecraft.util.GsonHelper.parse(GsonHelper.java:594) ~[client-1.21.1-20240808.144430-srg.jar%23331!/:?]
	at TRANSFORMER/minecraft@1.21.1/net.minecraft.util.GsonHelper.parse(GsonHelper.java:602) ~[client-1.21.1-20240808.144430-srg.jar%23331!/:?]
	at TRANSFORMER/minecraft@1.21.1/net.minecraft.client.resources.model.ModelManager.lambda$loadBlockStates$12(ModelManager.java:180) ~[client-1.21.1-20240808.144430-srg.jar%23331!/:?]
	at java.base/java.util.concurrent.CompletableFuture$AsyncSupply.run(CompletableFuture.java:1768) [?:?]
	at java.base/java.util.concurrent.CompletableFuture$AsyncSupply.exec(CompletableFuture.java:1760) [?:?]
	at java.base/java.util.concurrent.ForkJoinTask.doExec(ForkJoinTask.java:387) [?:?]
	at java.base/java.util.concurrent.ForkJoinPool$WorkQueue.topLevelExec(ForkJoinPool.java:1312) [?:?]
	at java.base/java.util.concurrent.ForkJoinPool.scan(ForkJoinPool.java:1843) [?:?]
	at java.base/java.util.concurrent.ForkJoinPool.runWorker(ForkJoinPool.java:1808) [?:?]
	at java.base/java.util.concurrent.ForkJoinWorkerThread.run(ForkJoinWorkerThread.java:188) [?:?]
Caused by: java.io.EOFException: End of input at line 1 column 1 path $
	at MC-BOOTSTRAP/com.google.gson@2.10.1/com.google.gson.stream.JsonReader.nextNonWhitespace(JsonReader.java:1457) ~[gson-2.10.1.jar%23123!/:?]
	at MC-BOOTSTRAP/com.google.gson@2.10.1/com.google.gson.stream.JsonReader.doPeek(JsonReader.java:558) ~[gson-2.10.1.jar%23123!/:?]
	at MC-BOOTSTRAP/com.google.gson@2.10.1/com.google.gson.stream.JsonReader.peek(JsonReader.java:433) ~[gson-2.10.1.jar%23123!/:?]
	at MC-BOOTSTRAP/com.google.gson@2.10.1/com.google.gson.internal.bind.TypeAdapters$28.read(TypeAdapters.java:769) ~[gson-2.10.1.jar%23123!/:?]
	at MC-BOOTSTRAP/com.google.gson@2.10.1/com.google.gson.internal.bind.TypeAdapters$28.read(TypeAdapters.java:725) ~[gson-2.10.1.jar%23123!/:?]
	at MC-BOOTSTRAP/com.google.gson@2.10.1/com.google.gson.internal.bind.TypeAdapters$34$1.read(TypeAdapters.java:1007) ~[gson-2.10.1.jar%23123!/:?]
	at TRANSFORMER/minecraft@1.21.1/net.minecraft.util.GsonHelper.fromNullableJson(GsonHelper.java:525) ~[client-1.21.1-20240808.144430-srg.jar%23331!/:?]
	... 11 more
[22Sep2026 20:39:24.272] [Worker-ResourceReload-6/ERROR] [net.minecraft.client.resources.model.ModelManager/]: Failed to load blockstate create_radar:blockstates/siren.json from pack mod/create_radar
com.google.gson.JsonParseException: java.io.EOFException: End of input at line 1 column 1 path $
	at TRANSFORMER/minecraft@1.21.1/net.minecraft.util.GsonHelper.fromNullableJson(GsonHelper.java:527) ~[client-1.21.1-20240808.144430-srg.jar%23331!/:?]
	at TRANSFORMER/minecraft@1.21.1/net.minecraft.util.GsonHelper.fromJson(GsonHelper.java:532) ~[client-1.21.1-20240808.144430-srg.jar%23331!/:?]
	at TRANSFORMER/minecraft@1.21.1/net.minecraft.util.GsonHelper.parse(GsonHelper.java:594) ~[client-1.21.1-20240808.144430-srg.jar%23331!/:?]
	at TRANSFORMER/minecraft@1.21.1/net.minecraft.util.GsonHelper.parse(GsonHelper.java:602) ~[client-1.21.1-20240808.144430-srg.jar%23331!/:?]
	at TRANSFORMER/minecraft@1.21.1/net.minecraft.client.resources.model.ModelManager.lambda$loadBlockStates$12(ModelManager.java:180) ~[client-1.21.1-20240808.144430-srg.jar%23331!/:?]
	at java.base/java.util.concurrent.CompletableFuture$AsyncSupply.run(CompletableFuture.java:1768) [?:?]
	at java.base/java.util.concurrent.CompletableFuture$AsyncSupply.exec(CompletableFuture.java:1760) [?:?]
	at java.base/java.util.concurrent.ForkJoinTask.doExec(ForkJoinTask.java:387) [?:?]
	at java.base/java.util.concurrent.ForkJoinPool$WorkQueue.topLevelExec(ForkJoinPool.java:1312) [?:?]
	at java.base/java.util.concurrent.ForkJoinPool.scan(ForkJoinPool.java:1843) [?:?]
	at java.base/java.util.concurrent.ForkJoinPool.runWorker(ForkJoinPool.java:1808) [?:?]
	at java.base/java.util.concurrent.ForkJoinWorkerThread.run(ForkJoinWorkerThread.java:188) [?:?]
Caused by: java.io.EOFException: End of input at line 1 column 1 path $
	at MC-BOOTSTRAP/com.google.gson@2.10.1/com.google.gson.stream.JsonReader.nextNonWhitespace(JsonReader.java:1457) ~[gson-2.10.1.jar%23123!/:?]
	at MC-BOOTSTRAP/com.google.gson@2.10.1/com.google.gson.stream.JsonReader.doPeek(JsonReader.java:558) ~[gson-2.10.1.jar%23123!/:?]
	at MC-BOOTSTRAP/com.google.gson@2.10.1/com.google.gson.stream.JsonReader.peek(JsonReader.java:433) ~[gson-2.10.1.jar%23123!/:?]
	at MC-BOOTSTRAP/com.google.gson@2.10.1/com.google.gson.internal.bind.TypeAdapters$28.read(TypeAdapters.java:769) ~[gson-2.10.1.jar%23123!/:?]
	at MC-BOOTSTRAP/com.google.gson@2.10.1/com.google.gson.internal.bind.TypeAdapters$28.read(TypeAdapters.java:725) ~[gson-2.10.1.jar%23123!/:?]
	at MC-BOOTSTRAP/com.google.gson@2.10.1/com.google.gson.internal.bind.TypeAdapters$34$1.read(TypeAdapters.java:1007) ~[gson-2.10.1.jar%23123!/:?]
	at TRANSFORMER/minecraft@1.21.1/net.minecraft.util.GsonHelper.fromNullableJson(GsonHelper.java:525) ~[client-1.21.1-20240808.144430-srg.jar%23331!/:?]
	... 11 more
[22Sep2026 20:39:24.274] [Worker-ResourceReload-8/ERROR] [net.minecraft.client.resources.model.ModelManager/]: Failed to load blockstate create_radar:blockstates/sky_radar.json from pack mod/create_radar
com.google.gson.JsonParseException: java.io.EOFException: End of input at line 1 column 1 path $
	at TRANSFORMER/minecraft@1.21.1/net.minecraft.util.GsonHelper.fromNullableJson(GsonHelper.java:527) ~[client-1.21.1-20240808.144430-srg.jar%23331!/:?]
	at TRANSFORMER/minecraft@1.21.1/net.minecraft.util.GsonHelper.fromJson(GsonHelper.java:532) ~[client-1.21.1-20240808.144430-srg.jar%23331!/:?]
	at TRANSFORMER/minecraft@1.21.1/net.minecraft.util.GsonHelper.parse(GsonHelper.java:594) ~[client-1.21.1-20240808.144430-srg.jar%23331!/:?]
	at TRANSFORMER/minecraft@1.21.1/net.minecraft.util.GsonHelper.parse(GsonHelper.java:602) ~[client-1.21.1-20240808.144430-srg.jar%23331!/:?]
	at TRANSFORMER/minecraft@1.21.1/net.minecraft.client.resources.model.ModelManager.lambda$loadBlockStates$12(ModelManager.java:180) ~[client-1.21.1-20240808.144430-srg.jar%23331!/:?]
	at java.base/java.util.concurrent.CompletableFuture$AsyncSupply.run(CompletableFuture.java:1768) [?:?]
	at java.base/java.util.concurrent.CompletableFuture$AsyncSupply.exec(CompletableFuture.java:1760) [?:?]
	at java.base/java.util.concurrent.ForkJoinTask.doExec(ForkJoinTask.java:387) [?:?]
	at java.base/java.util.concurrent.ForkJoinPool$WorkQueue.topLevelExec(ForkJoinPool.java:1312) [?:?]
	at java.base/java.util.concurrent.ForkJoinPool.scan(ForkJoinPool.java:1843) [?:?]
	at java.base/java.util.concurrent.ForkJoinPool.runWorker(ForkJoinPool.java:1808) [?:?]
	at java.base/java.util.concurrent.ForkJoinWorkerThread.run(ForkJoinWorkerThread.java:188) [?:?]
Caused by: java.io.EOFException: End of input at line 1 column 1 path $
	at MC-BOOTSTRAP/com.google.gson@2.10.1/com.google.gson.stream.JsonReader.nextNonWhitespace(JsonReader.java:1457) ~[gson-2.10.1.jar%23123!/:?]
	at MC-BOOTSTRAP/com.google.gson@2.10.1/com.google.gson.stream.JsonReader.doPeek(JsonReader.java:558) ~[gson-2.10.1.jar%23123!/:?]
	at MC-BOOTSTRAP/com.google.gson@2.10.1/com.google.gson.stream.JsonReader.peek(JsonReader.java:433) ~[gson-2.10.1.jar%23123!/:?]
	at MC-BOOTSTRAP/com.google.gson@2.10.1/com.google.gson.internal.bind.TypeAdapters$28.read(TypeAdapters.java:769) ~[gson-2.10.1.jar%23123!/:?]
	at MC-BOOTSTRAP/com.google.gson@2.10.1/com.google.gson.internal.bind.TypeAdapters$28.read(TypeAdapters.java:725) ~[gson-2.10.1.jar%23123!/:?]
	at MC-BOOTSTRAP/com.google.gson@2.10.1/com.google.gson.internal.bind.TypeAdapters$34$1.read(TypeAdapters.java:1007) ~[gson-2.10.1.jar%23123!/:?]
	at TRANSFORMER/minecraft@1.21.1/net.minecraft.util.GsonHelper.fromNullableJson(GsonHelper.java:525) ~[client-1.21.1-20240808.144430-srg.jar%23331!/:?]
	... 11 more
[22Sep2026 20:39:24.282] [Worker-ResourceReload-8/ERROR] [net.minecraft.client.resources.model.ModelManager/]: Failed to load blockstate create_radar:blockstates/smart_mount.json from pack mod/create_radar
com.google.gson.JsonParseException: java.io.EOFException: End of input at line 1 column 1 path $
	at TRANSFORMER/minecraft@1.21.1/net.minecraft.util.GsonHelper.fromNullableJson(GsonHelper.java:527) ~[client-1.21.1-20240808.144430-srg.jar%23331!/:?]
	at TRANSFORMER/minecraft@1.21.1/net.minecraft.util.GsonHelper.fromJson(GsonHelper.java:532) ~[client-1.21.1-20240808.144430-srg.jar%23331!/:?]
	at TRANSFORMER/minecraft@1.21.1/net.minecraft.util.GsonHelper.parse(GsonHelper.java:594) ~[client-1.21.1-20240808.144430-srg.jar%23331!/:?]
	at TRANSFORMER/minecraft@1.21.1/net.minecraft.util.GsonHelper.parse(GsonHelper.java:602) ~[client-1.21.1-20240808.144430-srg.jar%23331!/:?]
	at TRANSFORMER/minecraft@1.21.1/net.minecraft.client.resources.model.ModelManager.lambda$loadBlockStates$12(ModelManager.java:180) ~[client-1.21.1-20240808.144430-srg.jar%23331!/:?]
	at java.base/java.util.concurrent.CompletableFuture$AsyncSupply.run(CompletableFuture.java:1768) [?:?]
	at java.base/java.util.concurrent.CompletableFuture$AsyncSupply.exec(CompletableFuture.java:1760) [?:?]
	at java.base/java.util.concurrent.ForkJoinTask.doExec(ForkJoinTask.java:387) [?:?]
	at java.base/java.util.concurrent.ForkJoinPool$WorkQueue.topLevelExec(ForkJoinPool.java:1312) [?:?]
	at java.base/java.util.concurrent.ForkJoinPool.scan(ForkJoinPool.java:1843) [?:?]
	at java.base/java.util.concurrent.ForkJoinPool.runWorker(ForkJoinPool.java:1808) [?:?]
	at java.base/java.util.concurrent.ForkJoinWorkerThread.run(ForkJoinWorkerThread.java:188) [?:?]
Caused by: java.io.EOFException: End of input at line 1 column 1 path $
	at MC-BOOTSTRAP/com.google.gson@2.10.1/com.google.gson.stream.JsonReader.nextNonWhitespace(JsonReader.java:1457) ~[gson-2.10.1.jar%23123!/:?]
	at MC-BOOTSTRAP/com.google.gson@2.10.1/com.google.gson.stream.JsonReader.doPeek(JsonReader.java:558) ~[gson-2.10.1.jar%23123!/:?]
	at MC-BOOTSTRAP/com.google.gson@2.10.1/com.google.gson.stream.JsonReader.peek(JsonReader.java:433) ~[gson-2.10.1.jar%23123!/:?]
	at MC-BOOTSTRAP/com.google.gson@2.10.1/com.google.gson.internal.bind.TypeAdapters$28.read(TypeAdapters.java:769) ~[gson-2.10.1.jar%23123!/:?]
	at MC-BOOTSTRAP/com.google.gson@2.10.1/com.google.gson.internal.bind.TypeAdapters$28.read(TypeAdapters.java:725) ~[gson-2.10.1.jar%23123!/:?]
	at MC-BOOTSTRAP/com.google.gson@2.10.1/com.google.gson.internal.bind.TypeAdapters$34$1.read(TypeAdapters.java:1007) ~[gson-2.10.1.jar%23123!/:?]
	at TRANSFORMER/minecraft@1.21.1/net.minecraft.util.GsonHelper.fromNullableJson(GsonHelper.java:525) ~[client-1.21.1-20240808.144430-srg.jar%23331!/:?]
	... 11 more
[22Sep2026 20:39:24.287] [Worker-ResourceReload-6/ERROR] [net.minecraft.client.resources.model.ModelManager/]: Failed to load blockstate create_radar:blockstates/sonar_bearing.json from pack mod/create_radar
com.google.gson.JsonParseException: java.io.EOFException: End of input at line 1 column 1 path $
	at TRANSFORMER/minecraft@1.21.1/net.minecraft.util.GsonHelper.fromNullableJson(GsonHelper.java:527) ~[client-1.21.1-20240808.144430-srg.jar%23331!/:?]
	at TRANSFORMER/minecraft@1.21.1/net.minecraft.util.GsonHelper.fromJson(GsonHelper.java:532) ~[client-1.21.1-20240808.144430-srg.jar%23331!/:?]
	at TRANSFORMER/minecraft@1.21.1/net.minecraft.util.GsonHelper.parse(GsonHelper.java:594) ~[client-1.21.1-20240808.144430-srg.jar%23331!/:?]
	at TRANSFORMER/minecraft@1.21.1/net.minecraft.util.GsonHelper.parse(GsonHelper.java:602) ~[client-1.21.1-20240808.144430-srg.jar%23331!/:?]
	at TRANSFORMER/minecraft@1.21.1/net.minecraft.client.resources.model.ModelManager.lambda$loadBlockStates$12(ModelManager.java:180) ~[client-1.21.1-20240808.144430-srg.jar%23331!/:?]
	at java.base/java.util.concurrent.CompletableFuture$AsyncSupply.run(CompletableFuture.java:1768) [?:?]
	at java.base/java.util.concurrent.CompletableFuture$AsyncSupply.exec(CompletableFuture.java:1760) [?:?]
	at java.base/java.util.concurrent.ForkJoinTask.doExec(ForkJoinTask.java:387) [?:?]
	at java.base/java.util.concurrent.ForkJoinPool$WorkQueue.topLevelExec(ForkJoinPool.java:1312) [?:?]
	at java.base/java.util.concurrent.ForkJoinPool.scan(ForkJoinPool.java:1843) [?:?]
	at java.base/java.util.concurrent.ForkJoinPool.runWorker(ForkJoinPool.java:1808) [?:?]
	at java.base/java.util.concurrent.ForkJoinWorkerThread.run(ForkJoinWorkerThread.java:188) [?:?]
Caused by: java.io.EOFException: End of input at line 1 column 1 path $
	at MC-BOOTSTRAP/com.google.gson@2.10.1/com.google.gson.stream.JsonReader.nextNonWhitespace(JsonReader.java:1457) ~[gson-2.10.1.jar%23123!/:?]
	at MC-BOOTSTRAP/com.google.gson@2.10.1/com.google.gson.stream.JsonReader.doPeek(JsonReader.java:558) ~[gson-2.10.1.jar%23123!/:?]
	at MC-BOOTSTRAP/com.google.gson@2.10.1/com.google.gson.stream.JsonReader.peek(JsonReader.java:433) ~[gson-2.10.1.jar%23123!/:?]
	at MC-BOOTSTRAP/com.google.gson@2.10.1/com.google.gson.internal.bind.TypeAdapters$28.read(TypeAdapters.java:769) ~[gson-2.10.1.jar%23123!/:?]
	at MC-BOOTSTRAP/com.google.gson@2.10.1/com.google.gson.internal.bind.TypeAdapters$28.read(TypeAdapters.java:725) ~[gson-2.10.1.jar%23123!/:?]
	at MC-BOOTSTRAP/com.google.gson@2.10.1/com.google.gson.internal.bind.TypeAdapters$34$1.read(TypeAdapters.java:1007) ~[gson-2.10.1.jar%23123!/:?]
	at TRANSFORMER/minecraft@1.21.1/net.minecraft.util.GsonHelper.fromNullableJson(GsonHelper.java:525) ~[client-1.21.1-20240808.144430-srg.jar%23331!/:?]
	... 11 more
[22Sep2026 20:39:24.287] [Worker-ResourceReload-8/ERROR] [net.minecraft.client.resources.model.ModelManager/]: Failed to load blockstate create_radar:blockstates/sonar_panel.json from pack mod/create_radar
com.google.gson.JsonParseException: java.io.EOFException: End of input at line 1 column 1 path $
	at TRANSFORMER/minecraft@1.21.1/net.minecraft.util.GsonHelper.fromNullableJson(GsonHelper.java:527) ~[client-1.21.1-20240808.144430-srg.jar%23331!/:?]
	at TRANSFORMER/minecraft@1.21.1/net.minecraft.util.GsonHelper.fromJson(GsonHelper.java:532) ~[client-1.21.1-20240808.144430-srg.jar%23331!/:?]
	at TRANSFORMER/minecraft@1.21.1/net.minecraft.util.GsonHelper.parse(GsonHelper.java:594) ~[client-1.21.1-20240808.144430-srg.jar%23331!/:?]
	at TRANSFORMER/minecraft@1.21.1/net.minecraft.util.GsonHelper.parse(GsonHelper.java:602) ~[client-1.21.1-20240808.144430-srg.jar%23331!/:?]
	at TRANSFORMER/minecraft@1.21.1/net.minecraft.client.resources.model.ModelManager.lambda$loadBlockStates$12(ModelManager.java:180) ~[client-1.21.1-20240808.144430-srg.jar%23331!/:?]
	at java.base/java.util.concurrent.CompletableFuture$AsyncSupply.run(CompletableFuture.java:1768) [?:?]
	at java.base/java.util.concurrent.CompletableFuture$AsyncSupply.exec(CompletableFuture.java:1760) [?:?]
	at java.base/java.util.concurrent.ForkJoinTask.doExec(ForkJoinTask.java:387) [?:?]
	at java.base/java.util.concurrent.ForkJoinPool$WorkQueue.topLevelExec(ForkJoinPool.java:1312) [?:?]
	at java.base/java.util.concurrent.ForkJoinPool.scan(ForkJoinPool.java:1843) [?:?]
	at java.base/java.util.concurrent.ForkJoinPool.runWorker(ForkJoinPool.java:1808) [?:?]
	at java.base/java.util.concurrent.ForkJoinWorkerThread.run(ForkJoinWorkerThread.java:188) [?:?]
Caused by: java.io.EOFException: End of input at line 1 column 1 path $
	at MC-BOOTSTRAP/com.google.gson@2.10.1/com.google.gson.stream.JsonReader.nextNonWhitespace(JsonReader.java:1457) ~[gson-2.10.1.jar%23123!/:?]
	at MC-BOOTSTRAP/com.google.gson@2.10.1/com.google.gson.stream.JsonReader.doPeek(JsonReader.java:558) ~[gson-2.10.1.jar%23123!/:?]
	at MC-BOOTSTRAP/com.google.gson@2.10.1/com.google.gson.stream.JsonReader.peek(JsonReader.java:433) ~[gson-2.10.1.jar%23123!/:?]
	at MC-BOOTSTRAP/com.google.gson@2.10.1/com.google.gson.internal.bind.TypeAdapters$28.read(TypeAdapters.java:769) ~[gson-2.10.1.jar%23123!/:?]
	at MC-BOOTSTRAP/com.google.gson@2.10.1/com.google.gson.internal.bind.TypeAdapters$28.read(TypeAdapters.java:725) ~[gson-2.10.1.jar%23123!/:?]
	at MC-BOOTSTRAP/com.google.gson@2.10.1/com.google.gson.internal.bind.TypeAdapters$34$1.read(TypeAdapters.java:1007) ~[gson-2.10.1.jar%23123!/:?]
	at TRANSFORMER/minecraft@1.21.1/net.minecraft.util.GsonHelper.fromNullableJson(GsonHelper.java:525) ~[client-1.21.1-20240808.144430-srg.jar%23331!/:?]
	... 11 more
[22Sep2026 20:39:24.328] [Worker-ResourceReload-3/INFO] [com.vinlanx.explosionoverhaul.ExplosionOverhaul/]: Scanning for all mod textures to preload...
[22Sep2026 20:39:24.331] [Worker-ResourceReload-3/ERROR] [net.minecraft.Util/]: Invalid path in pack: createdeco:textures/block/palettes/decals/BLANK_decal_dont_use.png, ignoring
[22Sep2026 20:39:24.337] [Render thread/INFO] [Moonlight/]: Initialized color sets in 63ms
[22Sep2026 20:39:24.360] [Render thread/INFO] [sable_player_ragdoll/]: [sable_player_ragdoll] post-physics ragdoll hook registered
[22Sep2026 20:39:24.361] [Render thread/INFO] [com.happysg.radar.CreateRadar/]: Registering Display Sources!
[22Sep2026 20:39:24.390] [Worker-ResourceReload-2/INFO] [particlerain/]: Loaded 14 particles
[22Sep2026 20:39:24.415] [Worker-ResourceReload-6/INFO] [net.minecraft.client.gui.font.providers.UnihexProvider/]: Found unifont_jp_patch-15.1.05.hex, loading
[22Sep2026 20:39:24.427] [Worker-ResourceReload-3/ERROR] [net.minecraft.Util/]: Invalid path in pack: create_submarine:textures/entity/mooring hook.png, ignoring
[22Sep2026 20:39:24.428] [Worker-ResourceReload-3/ERROR] [net.minecraft.Util/]: Invalid path in pack: byg:textures/block/track/TODO.txt, ignoring
[22Sep2026 20:39:24.442] [Render thread/INFO] [Framework/SYNCED_ENTITY_DATA]: Registered synced data key scguns:aiming for minecraft:player
[22Sep2026 20:39:24.442] [Render thread/INFO] [Framework/SYNCED_ENTITY_DATA]: Registered synced data key scguns:reloading for minecraft:player
[22Sep2026 20:39:24.442] [Render thread/INFO] [Framework/SYNCED_ENTITY_DATA]: Registered synced data key scguns:shooting for minecraft:player
[22Sep2026 20:39:24.442] [Render thread/INFO] [Framework/SYNCED_ENTITY_DATA]: Registered synced data key scguns:burstcount for minecraft:player
[22Sep2026 20:39:24.442] [Render thread/INFO] [Framework/SYNCED_ENTITY_DATA]: Registered synced data key scguns:onburstcooldown for minecraft:player
[22Sep2026 20:39:24.442] [Render thread/INFO] [Framework/SYNCED_ENTITY_DATA]: Registered synced data key scguns:melee for minecraft:player
[22Sep2026 20:39:24.454] [Render thread/INFO] [minecraft-cursor/]: [minecraft-cursor] Loading default cursor...
[22Sep2026 20:39:24.615] [NeoForge Version Check/INFO] [net.neoforged.fml.VersionChecker/]: [mr_lukis_strongholds] Found status: AHEAD Current: 1-v1.0 Target: null
[22Sep2026 20:39:24.615] [NeoForge Version Check/INFO] [net.neoforged.fml.VersionChecker/]: [naturaltemperature] Starting version check at https://modrinth.com/mod/natural-temperature
[22Sep2026 20:39:24.700] [Worker-ResourceReload-10/INFO] [net.mc_orion.copycat_aero.aerocopycats/]: HELLO FROM CLIENT SETUP
[22Sep2026 20:39:24.700] [Worker-ResourceReload-10/INFO] [net.mc_orion.copycat_aero.aerocopycats/]: MINECRAFT NAME >> ladno0441
[22Sep2026 20:39:24.760] [Worker-ResourceReload-7/INFO] [voicechat/]: [voicechat] Initializing Opus
[22Sep2026 20:39:24.781] [Worker-ResourceReload-10/INFO] [com.vinlanx.explosionoverhaul.ExplosionOverhaul/]: Reloading Explosion Texture Manager...
[22Sep2026 20:39:24.782] [Worker-ResourceReload-10/INFO] [com.vinlanx.explosionoverhaul.ExplosionOverhaul/]: Vanilla mode active - skipping high-res sheet loading to save VRAM.
[22Sep2026 20:39:24.787] [Worker-ResourceReload-10/INFO] [FirstPersonModel/]: Loading FirstPerson Mod
[22Sep2026 20:39:24.828] [Render thread/INFO] [BetterClouds/]: [BetterClouds] YACL: initializing compat
[22Sep2026 20:39:24.832] [Render thread/INFO] [BetterClouds/]: [BetterClouds] DistantHorizons: not loaded
[22Sep2026 20:39:24.835] [Worker-ResourceReload-7/INFO] [voicechat/]: [voicechat] Successfully initialized Opus
[22Sep2026 20:39:24.835] [Render thread/INFO] [BetterClouds/]: [BetterClouds] Iris: not loaded
[22Sep2026 20:39:24.839] [Worker-ResourceReload-7/INFO] [voicechat/]: [voicechat] Initializing RNNoise
[22Sep2026 20:39:24.847] [Render thread/INFO] [BetterClouds/]: [BetterClouds] SereneSeasons: not loaded
[22Sep2026 20:39:24.849] [Render thread/INFO] [BetterClouds/]: [BetterClouds] FabricSeasons: not loaded
[22Sep2026 20:39:24.850] [Render thread/INFO] [BetterClouds/]: [BetterClouds] EnhancedCelestials: not loaded
[22Sep2026 20:39:24.865] [Worker-ResourceReload-7/INFO] [voicechat/]: [voicechat] Successfully initialized RNNoise
[22Sep2026 20:39:24.867] [Worker-ResourceReload-7/INFO] [voicechat/]: [voicechat] Initializing Speex
[22Sep2026 20:39:24.920] [Worker-ResourceReload-7/INFO] [voicechat/]: [voicechat] Successfully initialized Speex
[22Sep2026 20:39:24.924] [Worker-ResourceReload-7/INFO] [voicechat/]: [voicechat] Initializing LAME
[22Sep2026 20:39:24.970] [Worker-ResourceReload-0/ERROR] [net.minecraft.client.resources.model.ModelManager/]: Failed to load model create_radar:models/block/cannon_mount_radar.json
com.google.gson.JsonParseException: JSON data was null or empty
	at TRANSFORMER/minecraft@1.21.1/net.minecraft.util.GsonHelper.fromJson(GsonHelper.java:534) ~[client-1.21.1-20240808.144430-srg.jar%23331!/:?]
	at TRANSFORMER/minecraft@1.21.1/net.minecraft.util.GsonHelper.fromJson(GsonHelper.java:582) ~[client-1.21.1-20240808.144430-srg.jar%23331!/:?]
	at TRANSFORMER/minecraft@1.21.1/net.minecraft.client.renderer.block.model.BlockModel.fromStream(BlockModel.java:83) ~[client-1.21.1-20240808.144430-srg.jar%23331!/:?]
	at TRANSFORMER/minecraft@1.21.1/net.minecraft.client.resources.model.ModelManager.lambda$loadBlockModels$8(ModelManager.java:144) ~[client-1.21.1-20240808.144430-srg.jar%23331!/:?]
	at java.base/java.util.concurrent.CompletableFuture$AsyncSupply.run(CompletableFuture.java:1768) [?:?]
	at java.base/java.util.concurrent.CompletableFuture$AsyncSupply.exec(CompletableFuture.java:1760) [?:?]
	at java.base/java.util.concurrent.ForkJoinTask.doExec(ForkJoinTask.java:387) [?:?]
	at java.base/java.util.concurrent.ForkJoinPool$WorkQueue.topLevelExec(ForkJoinPool.java:1312) [?:?]
	at java.base/java.util.concurrent.ForkJoinPool.scan(ForkJoinPool.java:1843) [?:?]
	at java.base/java.util.concurrent.ForkJoinPool.runWorker(ForkJoinPool.java:1808) [?:?]
	at java.base/java.util.concurrent.ForkJoinWorkerThread.run(ForkJoinWorkerThread.java:188) [?:?]
[22Sep2026 20:39:24.994] [Worker-ResourceReload-7/INFO] [voicechat/]: [voicechat] Successfully initialized LAME
[22Sep2026 20:39:24.998] [Worker-ResourceReload-4/WARN] [net.minecraft.client.renderer.texture.SpriteLoader/]: Texture minecraft:effect/dither with size 4x4 limits mip level from 4 to 2
[22Sep2026 20:39:24.998] [Worker-ResourceReload-4/WARN] [net.minecraft.client.renderer.texture.SpriteLoader/]: Texture create_radar:block/spotlight_light with size 10x10 limits mip level from 2 to 1
[22Sep2026 20:39:24.999] [Worker-ResourceReload-4/WARN] [net.minecraft.client.renderer.texture.SpriteLoader/]: Texture scguns:item/aureous_slag with size 16x15 limits mip level from 1 to 0
[22Sep2026 20:39:25.004] [Worker-ResourceReload-7/INFO] [voicechat/]: [voicechat] Using Cloth Config GUI
[22Sep2026 20:39:25.019] [Worker-ResourceReload-7/INFO] [Sound Physics - General/]: Reloading reverb parameters
[22Sep2026 20:39:25.057] [Worker-ResourceReload-6/ERROR] [net.minecraft.client.resources.model.ModelManager/]: Failed to load model s_a_b:models/block/flat.json
com.google.gson.JsonParseException: Z is not valid resource location
	at TRANSFORMER/minecraft@1.21.1/net.minecraft.client.renderer.block.model.BlockModel$Deserializer.parseTextureLocationOrReference(BlockModel.java:389) ~[client-1.21.1-20240808.144430-srg.jar%23331!/:?]
	at TRANSFORMER/minecraft@1.21.1/net.minecraft.client.renderer.block.model.BlockModel$Deserializer.getTextureMap(BlockModel.java:376) ~[client-1.21.1-20240808.144430-srg.jar%23331!/:?]
	at TRANSFORMER/minecraft@1.21.1/net.minecraft.client.renderer.block.model.BlockModel$Deserializer.deserialize(BlockModel.java:340) ~[client-1.21.1-20240808.144430-srg.jar%23331!/:?]
	at TRANSFORMER/neoforge@21.1.251/net.neoforged.neoforge.client.model.ExtendedBlockModelDeserializer.deserialize(ExtendedBlockModelDeserializer.java:51) ~[neoforge-21.1.251-universal.jar%23332!/:?]
	at TRANSFORMER/neoforge@21.1.251/net.neoforged.neoforge.client.model.ExtendedBlockModelDeserializer.deserialize(ExtendedBlockModelDeserializer.java:37) ~[neoforge-21.1.251-universal.jar%23332!/:?]
	at MC-BOOTSTRAP/com.google.gson@2.10.1/com.google.gson.internal.bind.TreeTypeAdapter.read(TreeTypeAdapter.java:76) ~[gson-2.10.1.jar%23123!/:?]
	at TRANSFORMER/minecraft@1.21.1/net.minecraft.util.GsonHelper.fromNullableJson(GsonHelper.java:525) ~[client-1.21.1-20240808.144430-srg.jar%23331!/:?]
	at TRANSFORMER/minecraft@1.21.1/net.minecraft.util.GsonHelper.fromJson(GsonHelper.java:532) ~[client-1.21.1-20240808.144430-srg.jar%23331!/:?]
	at TRANSFORMER/minecraft@1.21.1/net.minecraft.util.GsonHelper.fromJson(GsonHelper.java:582) ~[client-1.21.1-20240808.144430-srg.jar%23331!/:?]
	at TRANSFORMER/minecraft@1.21.1/net.minecraft.client.renderer.block.model.BlockModel.fromStream(BlockModel.java:83) ~[client-1.21.1-20240808.144430-srg.jar%23331!/:?]
	at TRANSFORMER/minecraft@1.21.1/net.minecraft.client.resources.model.ModelManager.lambda$loadBlockModels$8(ModelManager.java:144) ~[client-1.21.1-20240808.144430-srg.jar%23331!/:?]
	at java.base/java.util.concurrent.CompletableFuture$AsyncSupply.run(CompletableFuture.java:1768) [?:?]
	at java.base/java.util.concurrent.CompletableFuture$AsyncSupply.exec(CompletableFuture.java:1760) [?:?]
	at java.base/java.util.concurrent.ForkJoinTask.doExec(ForkJoinTask.java:387) [?:?]
	at java.base/java.util.concurrent.ForkJoinPool$WorkQueue.topLevelExec(ForkJoinPool.java:1312) [?:?]
	at java.base/java.util.concurrent.ForkJoinPool.scan(ForkJoinPool.java:1843) [?:?]
	at java.base/java.util.concurrent.ForkJoinPool.runWorker(ForkJoinPool.java:1808) [?:?]
	at java.base/java.util.concurrent.ForkJoinWorkerThread.run(ForkJoinWorkerThread.java:188) [?:?]
[22Sep2026 20:39:25.082] [NeoForge Version Check/WARN] [net.neoforged.fml.VersionChecker/]: Failed to process update information
com.google.gson.JsonSyntaxException: java.lang.IllegalStateException: Expected BEGIN_OBJECT but was STRING at line 1 column 1 path $
	at MC-BOOTSTRAP/com.google.gson@2.10.1/com.google.gson.Gson.fromJson(Gson.java:1238) ~[gson-2.10.1.jar%23123!/:?]
	at MC-BOOTSTRAP/com.google.gson@2.10.1/com.google.gson.Gson.fromJson(Gson.java:1137) ~[gson-2.10.1.jar%23123!/:?]
	at MC-BOOTSTRAP/com.google.gson@2.10.1/com.google.gson.Gson.fromJson(Gson.java:1047) ~[gson-2.10.1.jar%23123!/:?]
	at MC-BOOTSTRAP/com.google.gson@2.10.1/com.google.gson.Gson.fromJson(Gson.java:982) ~[gson-2.10.1.jar%23123!/:?]
	at MC-BOOTSTRAP/fml_loader@4.0.44/net.neoforged.fml.VersionChecker$1.process(VersionChecker.java:167) ~[loader-4.0.44.jar%23161!/:4.0]
	at java.base/java.lang.Iterable.forEach(Iterable.java:75) [?:?]
	at MC-BOOTSTRAP/fml_loader@4.0.44/net.neoforged.fml.VersionChecker$1.run(VersionChecker.java:105) [loader-4.0.44.jar%23161!/:4.0]
Caused by: java.lang.IllegalStateException: Expected BEGIN_OBJECT but was STRING at line 1 column 1 path $
	at MC-BOOTSTRAP/com.google.gson@2.10.1/com.google.gson.stream.JsonReader.beginObject(JsonReader.java:393) ~[gson-2.10.1.jar%23123!/:?]
	at MC-BOOTSTRAP/com.google.gson@2.10.1/com.google.gson.internal.bind.MapTypeAdapterFactory$Adapter.read(MapTypeAdapterFactory.java:182) ~[gson-2.10.1.jar%23123!/:?]
	at MC-BOOTSTRAP/com.google.gson@2.10.1/com.google.gson.internal.bind.MapTypeAdapterFactory$Adapter.read(MapTypeAdapterFactory.java:144) ~[gson-2.10.1.jar%23123!/:?]
	at MC-BOOTSTRAP/com.google.gson@2.10.1/com.google.gson.Gson.fromJson(Gson.java:1227) ~[gson-2.10.1.jar%23123!/:?]
	... 6 more
[22Sep2026 20:39:25.083] [NeoForge Version Check/INFO] [net.neoforged.fml.VersionChecker/]: [copycats] Starting version check at https://raw.githubusercontent.com/copycats-plus/copycats/multiloader/update.json
[22Sep2026 20:39:25.101] [Worker-ResourceReload-7/INFO] [Sound Physics - General/]: Unknown sound in sound rate config: irons_spellbooks:abyssal_teleport
[22Sep2026 20:39:25.101] [Worker-ResourceReload-7/INFO] [Sound Physics - General/]: Unknown sound in sound rate config: irons_spellbooks:arial_summoning_5_custom_1
[22Sep2026 20:39:25.104] [Worker-ResourceReload-7/INFO] [Sound Physics - General/]: Unknown sound in sound rate config: irons_spellbooks:bow_shoot
[22Sep2026 20:39:25.104] [Worker-ResourceReload-7/INFO] [Sound Physics - General/]: Unknown sound in sound rate config: irons_spellbooks:cast.abyssal_shroud
[22Sep2026 20:39:25.104] [Worker-ResourceReload-7/INFO] [Sound Physics - General/]: Unknown sound in sound rate config: irons_spellbooks:cast.blood_step
[22Sep2026 20:39:25.104] [Worker-ResourceReload-7/INFO] [Sound Physics - General/]: Unknown sound in sound rate config: irons_spellbooks:cast.fireball
[22Sep2026 20:39:25.104] [Worker-ResourceReload-7/INFO] [Sound Physics - General/]: Unknown sound in sound rate config: irons_spellbooks:cast.generic.blood
[22Sep2026 20:39:25.104] [Worker-ResourceReload-7/INFO] [Sound Physics - General/]: Unknown sound in sound rate config: irons_spellbooks:cast.generic.eldritch_prepare
[22Sep2026 20:39:25.104] [Worker-ResourceReload-7/INFO] [Sound Physics - General/]: Unknown sound in sound rate config: irons_spellbooks:cast.generic.ender
[22Sep2026 20:39:25.104] [Worker-ResourceReload-7/INFO] [Sound Physics - General/]: Unknown sound in sound rate config: irons_spellbooks:cast.generic.evocation
[22Sep2026 20:39:25.104] [Worker-ResourceReload-7/INFO] [Sound Physics - General/]: Unknown sound in sound rate config: irons_spellbooks:cast.generic.fire
[22Sep2026 20:39:25.104] [Worker-ResourceReload-7/INFO] [Sound Physics - General/]: Unknown sound in sound rate config: irons_spellbooks:cast.generic.holy
[22Sep2026 20:39:25.104] [Worker-ResourceReload-7/INFO] [Sound Physics - General/]: Unknown sound in sound rate config: irons_spellbooks:cast.generic.ice
[22Sep2026 20:39:25.104] [Worker-ResourceReload-7/INFO] [Sound Physics - General/]: Unknown sound in sound rate config: irons_spellbooks:cast.generic.lightning
[22Sep2026 20:39:25.104] [Worker-ResourceReload-7/INFO] [Sound Physics - General/]: Unknown sound in sound rate config: irons_spellbooks:cast.generic.nature
[22Sep2026 20:39:25.104] [Worker-ResourceReload-7/INFO] [Sound Physics - General/]: Unknown sound in sound rate config: irons_spellbooks:cast.generic.poison
[22Sep2026 20:39:25.104] [Worker-ResourceReload-7/INFO] [Sound Physics - General/]: Unknown sound in sound rate config: irons_spellbooks:cast.ice_block
[22Sep2026 20:39:25.104] [Worker-ResourceReload-7/INFO] [Sound Physics - General/]: Unknown sound in sound rate config: irons_spellbooks:cast.raise_dead.finish
[22Sep2026 20:39:25.104] [Worker-ResourceReload-7/INFO] [Sound Physics - General/]: Unknown sound in sound rate config: irons_spellbooks:cast.raise_dead.start
[22Sep2026 20:39:25.104] [Worker-ResourceReload-7/INFO] [Sound Physics - General/]: Unknown sound in sound rate config: irons_spellbooks:cast.void_tentacles.finish
[22Sep2026 20:39:25.104] [Worker-ResourceReload-7/INFO] [Sound Physics - General/]: Unknown sound in sound rate config: irons_spellbooks:cast.void_tentacles.start
[22Sep2026 20:39:25.104] [Worker-ResourceReload-7/INFO] [Sound Physics - General/]: Unknown sound in sound rate config: irons_spellbooks:dark_magic_buff_03_custom_1
[22Sep2026 20:39:25.104] [Worker-ResourceReload-7/INFO] [Sound Physics - General/]: Unknown sound in sound rate config: irons_spellbooks:dark_spell_02
[22Sep2026 20:39:25.104] [Worker-ResourceReload-7/INFO] [Sound Physics - General/]: Unknown sound in sound rate config: irons_spellbooks:entity.acid_orb.impact
[22Sep2026 20:39:25.105] [Worker-ResourceReload-7/INFO] [Sound Physics - General/]: Unknown sound in sound rate config: irons_spellbooks:entity.black_hole.loop
[22Sep2026 20:39:25.105] [Worker-ResourceReload-7/INFO] [Sound Physics - General/]: Unknown sound in sound rate config: irons_spellbooks:entity.blood_needle.impact
[22Sep2026 20:39:25.105] [Worker-ResourceReload-7/INFO] [Sound Physics - General/]: Unknown sound in sound rate config: irons_spellbooks:entity.chain_lightning.lightning_chain
[22Sep2026 20:39:25.105] [Worker-ResourceReload-7/INFO] [Sound Physics - General/]: Unknown sound in sound rate config: irons_spellbooks:entity.citadel_keeper.death
[22Sep2026 20:39:25.105] [Worker-ResourceReload-7/INFO] [Sound Physics - General/]: Unknown sound in sound rate config: irons_spellbooks:entity.citadel_keeper.hurt
[22Sep2026 20:39:25.105] [Worker-ResourceReload-7/INFO] [Sound Physics - General/]: Unknown sound in sound rate config: irons_spellbooks:entity.citadel_keeper.idle
[22Sep2026 20:39:25.105] [Worker-ResourceReload-7/INFO] [Sound Physics - General/]: Unknown sound in sound rate config: irons_spellbooks:entity.citadel_keeper.step
[22Sep2026 20:39:25.105] [Worker-ResourceReload-7/INFO] [Sound Physics - General/]: Unknown sound in sound rate config: irons_spellbooks:entity.citadel_keeper.swing
[22Sep2026 20:39:25.105] [Worker-ResourceReload-7/INFO] [Sound Physics - General/]: Unknown sound in sound rate config: irons_spellbooks:entity.citadel_keeper.sword_impact
[22Sep2026 20:39:25.105] [Worker-ResourceReload-7/INFO] [Sound Physics - General/]: Unknown sound in sound rate config: irons_spellbooks:entity.dead_king.ambience
[22Sep2026 20:39:25.105] [Worker-ResourceReload-7/INFO] [Sound Physics - General/]: Unknown sound in sound rate config: irons_spellbooks:entity.dead_king.attack_hit
[22Sep2026 20:39:25.105] [Worker-ResourceReload-7/INFO] [Sound Physics - General/]: Unknown sound in sound rate config: irons_spellbooks:entity.dead_king.attack_slam
[22Sep2026 20:39:25.105] [Worker-ResourceReload-7/INFO] [Sound Physics - General/]: Unknown sound in sound rate config: irons_spellbooks:entity.dead_king.attack_swing
[22Sep2026 20:39:25.105] [Worker-ResourceReload-7/INFO] [Sound Physics - General/]: Unknown sound in sound rate config: irons_spellbooks:entity.dead_king.death
[22Sep2026 20:39:25.105] [Worker-ResourceReload-7/INFO] [Sound Physics - General/]: Unknown sound in sound rate config: irons_spellbooks:entity.dead_king.explode
[22Sep2026 20:39:25.105] [Worker-ResourceReload-7/INFO] [Sound Physics - General/]: Unknown sound in sound rate config: irons_spellbooks:entity.dead_king.fake_death
[22Sep2026 20:39:25.105] [Worker-ResourceReload-7/INFO] [Sound Physics - General/]: Unknown sound in sound rate config: irons_spellbooks:entity.dead_king.hurt
[22Sep2026 20:39:25.105] [Worker-ResourceReload-7/INFO] [Sound Physics - General/]: Unknown sound in sound rate config: irons_spellbooks:entity.dead_king.music.drum_loop
[22Sep2026 20:39:25.105] [Worker-ResourceReload-7/INFO] [Sound Physics - General/]: Unknown sound in sound rate config: irons_spellbooks:entity.dead_king.music.first_phase_accent_01
[22Sep2026 20:39:25.105] [Worker-ResourceReload-7/INFO] [Sound Physics - General/]: Unknown sound in sound rate config: irons_spellbooks:entity.dead_king.music.first_phase_melody
[22Sep2026 20:39:25.105] [Worker-ResourceReload-7/INFO] [Sound Physics - General/]: Unknown sound in sound rate config: irons_spellbooks:entity.dead_king.music.intro
[22Sep2026 20:39:25.105] [Worker-ResourceReload-7/INFO] [Sound Physics - General/]: Unknown sound in sound rate config: irons_spellbooks:entity.dead_king.music.second_phase_melody_alt
[22Sep2026 20:39:25.105] [Worker-ResourceReload-7/INFO] [Sound Physics - General/]: Unknown sound in sound rate config: irons_spellbooks:entity.dead_king.music.suspense
[22Sep2026 20:39:25.105] [Worker-ResourceReload-7/INFO] [Sound Physics - General/]: Unknown sound in sound rate config: irons_spellbooks:entity.dead_king.resurrect
[22Sep2026 20:39:25.105] [Worker-ResourceReload-7/INFO] [Sound Physics - General/]: Unknown sound in sound rate config: irons_spellbooks:entity.dead_king.spawn
[22Sep2026 20:39:25.105] [Worker-ResourceReload-7/INFO] [Sound Physics - General/]: Unknown sound in sound rate config: irons_spellbooks:entity.devour_jaw.bite
[22Sep2026 20:39:25.105] [Worker-ResourceReload-7/INFO] [Sound Physics - General/]: Unknown sound in sound rate config: irons_spellbooks:entity.earthquake_aoe.impact
[22Sep2026 20:39:25.105] [Worker-ResourceReload-7/INFO] [Sound Physics - General/]: Unknown sound in sound rate config: irons_spellbooks:entity.earthquake_aoe.loop
[22Sep2026 20:39:25.105] [Worker-ResourceReload-7/INFO] [Sound Physics - General/]: Unknown sound in sound rate config: irons_spellbooks:entity.echoing_strike.echoing_strike
[22Sep2026 20:39:25.105] [Worker-ResourceReload-7/INFO] [Sound Physics - General/]: Unknown sound in sound rate config: irons_spellbooks:entity.fiery_dagger.parry
[22Sep2026 20:39:25.105] [Worker-ResourceReload-7/INFO] [Sound Physics - General/]: Unknown sound in sound rate config: irons_spellbooks:entity.fiery_dagger.throw
[22Sep2026 20:39:25.105] [Worker-ResourceReload-7/INFO] [Sound Physics - General/]: Unknown sound in sound rate config: irons_spellbooks:entity.fire_boss.death
[22Sep2026 20:39:25.105] [Worker-ResourceReload-7/INFO] [Sound Physics - General/]: Unknown sound in sound rate config: irons_spellbooks:entity.fire_boss.death_final
[22Sep2026 20:39:25.105] [Worker-ResourceReload-7/INFO] [Sound Physics - General/]: Unknown sound in sound rate config: irons_spellbooks:entity.fire_boss.enter_soul
[22Sep2026 20:39:25.105] [Worker-ResourceReload-7/INFO] [Sound Physics - General/]: Unknown sound in sound rate config: irons_spellbooks:entity.fire_boss.fireball
[22Sep2026 20:39:25.106] [Worker-ResourceReload-7/INFO] [Sound Physics - General/]: Unknown sound in sound rate config: irons_spellbooks:entity.fire_boss.hurt
[22Sep2026 20:39:25.106] [Worker-ResourceReload-7/INFO] [Sound Physics - General/]: Unknown sound in sound rate config: irons_spellbooks:entity.fire_boss.stance_break
[22Sep2026 20:39:25.106] [Worker-ResourceReload-7/INFO] [Sound Physics - General/]: Unknown sound in sound rate config: irons_spellbooks:entity.fire_boss.summon_scythe
[22Sep2026 20:39:25.106] [Worker-ResourceReload-7/INFO] [Sound Physics - General/]: Unknown sound in sound rate config: irons_spellbooks:entity.fire_eruption.slam
[22Sep2026 20:39:25.106] [Worker-ResourceReload-7/INFO] [Sound Physics - General/]: Unknown sound in sound rate config: irons_spellbooks:entity.firefly_swarm.attack
[22Sep2026 20:39:25.106] [Worker-ResourceReload-7/INFO] [Sound Physics - General/]: Unknown sound in sound rate config: irons_spellbooks:entity.firefly_swarm.idle
[22Sep2026 20:39:25.106] [Worker-ResourceReload-7/INFO] [Sound Physics - General/]: Unknown sound in sound rate config: irons_spellbooks:entity.generic.arcane_impact
[22Sep2026 20:39:25.106] [Worker-ResourceReload-7/INFO] [Sound Physics - General/]: Unknown sound in sound rate config: irons_spellbooks:entity.generic.fiery_explosion
[22Sep2026 20:39:25.106] [Worker-ResourceReload-7/INFO] [Sound Physics - General/]: Unknown sound in sound rate config: irons_spellbooks:entity.generic.fire_impact
[22Sep2026 20:39:25.106] [Worker-ResourceReload-7/INFO] [Sound Physics - General/]: Unknown sound in sound rate config: irons_spellbooks:entity.generic.swing_blade
[22Sep2026 20:39:25.106] [Worker-ResourceReload-7/INFO] [Sound Physics - General/]: Unknown sound in sound rate config: irons_spellbooks:entity.generic.swing_weird
[22Sep2026 20:39:25.106] [Worker-ResourceReload-7/INFO] [Sound Physics - General/]: Unknown sound in sound rate config: irons_spellbooks:entity.generic.throw_dagger
[22Sep2026 20:39:25.106] [Worker-ResourceReload-7/INFO] [Sound Physics - General/]: Unknown sound in sound rate config: irons_spellbooks:entity.generic.trader.no
[22Sep2026 20:39:25.106] [Worker-ResourceReload-7/INFO] [Sound Physics - General/]: Unknown sound in sound rate config: irons_spellbooks:entity.generic.trader.yes
[22Sep2026 20:39:25.106] [Worker-ResourceReload-7/INFO] [Sound Physics - General/]: Unknown sound in sound rate config: irons_spellbooks:entity.guiding_bolt.impact
[22Sep2026 20:39:25.106] [Worker-ResourceReload-7/INFO] [Sound Physics - General/]: Unknown sound in sound rate config: irons_spellbooks:entity.ice_block.impact
[22Sep2026 20:39:25.106] [Worker-ResourceReload-7/INFO] [Sound Physics - General/]: Unknown sound in sound rate config: irons_spellbooks:entity.ice_spider.ambient
[22Sep2026 20:39:25.106] [Worker-ResourceReload-7/INFO] [Sound Physics - General/]: Unknown sound in sound rate config: irons_spellbooks:entity.ice_spider.bite
[22Sep2026 20:39:25.106] [Worker-ResourceReload-7/INFO] [Sound Physics - General/]: Unknown sound in sound rate config: irons_spellbooks:entity.ice_spider.death
[22Sep2026 20:39:25.106] [Worker-ResourceReload-7/INFO] [Sound Physics - General/]: Unknown sound in sound rate config: irons_spellbooks:entity.ice_spider.grapple_latch
[22Sep2026 20:39:25.106] [Worker-ResourceReload-7/INFO] [Sound Physics - General/]: Unknown sound in sound rate config: irons_spellbooks:entity.ice_spider.grapple_spit
[22Sep2026 20:39:25.106] [Worker-ResourceReload-7/INFO] [Sound Physics - General/]: Unknown sound in sound rate config: irons_spellbooks:entity.ice_spider.howl
[22Sep2026 20:39:25.106] [Worker-ResourceReload-7/INFO] [Sound Physics - General/]: Unknown sound in sound rate config: irons_spellbooks:entity.ice_spider.hurt
[22Sep2026 20:39:25.106] [Worker-ResourceReload-7/INFO] [Sound Physics - General/]: Unknown sound in sound rate config: irons_spellbooks:entity.ice_spider.swing
[22Sep2026 20:39:25.106] [Worker-ResourceReload-7/INFO] [Sound Physics - General/]: Unknown sound in sound rate config: irons_spellbooks:entity.ice_spike.emerge
[22Sep2026 20:39:25.106] [Worker-ResourceReload-7/INFO] [Sound Physics - General/]: Unknown sound in sound rate config: irons_spellbooks:entity.lightning_strike.strike
[22Sep2026 20:39:25.106] [Worker-ResourceReload-7/INFO] [Sound Physics - General/]: Unknown sound in sound rate config: irons_spellbooks:entity.root.emerge
[22Sep2026 20:39:25.107] [Worker-ResourceReload-7/INFO] [Sound Physics - General/]: Unknown sound in sound rate config: irons_spellbooks:entity.sunbeam.impact
[22Sep2026 20:39:25.107] [Worker-ResourceReload-7/INFO] [Sound Physics - General/]: Unknown sound in sound rate config: irons_spellbooks:entity.sunbeam.windup
[22Sep2026 20:39:25.107] [Worker-ResourceReload-7/INFO] [Sound Physics - General/]: Unknown sound in sound rate config: wind_spellbooks:entity.tornado.fire.loop
[22Sep2026 20:39:25.107] [Worker-ResourceReload-7/INFO] [Sound Physics - General/]: Unknown sound in sound rate config: wind_spellbooks:entity.tornado.loop
[22Sep2026 20:39:25.107] [Worker-ResourceReload-7/INFO] [Sound Physics - General/]: Unknown sound in sound rate config: irons_spellbooks:entity.void_tentacles.ambient
[22Sep2026 20:39:25.107] [Worker-ResourceReload-7/INFO] [Sound Physics - General/]: Unknown sound in sound rate config: irons_spellbooks:entity.void_tentacles.retreat
[22Sep2026 20:39:25.107] [Worker-ResourceReload-7/INFO] [Sound Physics - General/]: Unknown sound in sound rate config: irons_spellbooks:force_impact
[22Sep2026 20:39:25.107] [Worker-ResourceReload-7/INFO] [Sound Physics - General/]: Unknown sound in sound rate config: irons_spellbooks:frost_step
[22Sep2026 20:39:25.108] [Worker-ResourceReload-7/INFO] [Sound Physics - General/]: Unknown sound in sound rate config: irons_spellbooks:heartstop_cast
[22Sep2026 20:39:25.108] [Worker-ResourceReload-7/INFO] [Sound Physics - General/]: Unknown sound in sound rate config: irons_spellbooks:ice_impact
[22Sep2026 20:39:25.108] [Worker-ResourceReload-7/INFO] [Sound Physics - General/]: Unknown sound in sound rate config: irons_spellbooks:item.cinderous_soulcaller.toll.failure
[22Sep2026 20:39:25.108] [Worker-ResourceReload-7/INFO] [Sound Physics - General/]: Unknown sound in sound rate config: irons_spellbooks:item.cinderous_soulcaller.toll.success
[22Sep2026 20:39:25.108] [Worker-ResourceReload-7/INFO] [Sound Physics - General/]: Unknown sound in sound rate config: irons_spellbooks:item.hellrazor.swing
[22Sep2026 20:39:25.108] [Worker-ResourceReload-7/INFO] [Sound Physics - General/]: Unknown sound in sound rate config: irons_spellbooks:item.spear.channeling_strike
[22Sep2026 20:39:25.108] [Worker-ResourceReload-7/INFO] [Sound Physics - General/]: Unknown sound in sound rate config: irons_spellbooks:item.spear.loyalty_return
[22Sep2026 20:39:25.108] [Worker-ResourceReload-7/INFO] [Sound Physics - General/]: Unknown sound in sound rate config: irons_spellbooks:item.spell_book.equip
[22Sep2026 20:39:25.108] [Worker-ResourceReload-7/INFO] [Sound Physics - General/]: Unknown sound in sound rate config: irons_spellbooks:lightning_lance_cast
[22Sep2026 20:39:25.108] [Worker-ResourceReload-7/INFO] [Sound Physics - General/]: Unknown sound in sound rate config: irons_spellbooks:lightning_woosh_01
[22Sep2026 20:39:25.108] [Worker-ResourceReload-7/INFO] [Sound Physics - General/]: Unknown sound in sound rate config: irons_spellbooks:loop.cloud_of_regen
[22Sep2026 20:39:25.108] [Worker-ResourceReload-7/INFO] [Sound Physics - General/]: Unknown sound in sound rate config: irons_spellbooks:loop.cone_of_cold
[22Sep2026 20:39:25.108] [Worker-ResourceReload-7/INFO] [Sound Physics - General/]: Unknown sound in sound rate config: irons_spellbooks:loop.electrocute
[22Sep2026 20:39:25.108] [Worker-ResourceReload-7/INFO] [Sound Physics - General/]: Unknown sound in sound rate config: irons_spellbooks:loop.fire_breath
[22Sep2026 20:39:25.108] [Worker-ResourceReload-7/INFO] [Sound Physics - General/]: Unknown sound in sound rate config: irons_spellbooks:loop.ray_of_siphoning
[22Sep2026 20:39:25.108] [Worker-ResourceReload-7/INFO] [Sound Physics - General/]: Unknown sound in sound rate config: irons_spellbooks:magic_arrow_charge
[22Sep2026 20:39:25.108] [Worker-ResourceReload-7/INFO] [Sound Physics - General/]: Unknown sound in sound rate config: irons_spellbooks:magic_arrow_release
[22Sep2026 20:39:25.108] [Worker-ResourceReload-7/INFO] [Sound Physics - General/]: Unknown sound in sound rate config: irons_spellbooks:magic_spell_reverse_3
[22Sep2026 20:39:25.108] [Worker-ResourceReload-7/INFO] [Sound Physics - General/]: Unknown sound in sound rate config: irons_spellbooks:music.dead_king_lullaby
[22Sep2026 20:39:25.108] [Worker-ResourceReload-7/INFO] [Sound Physics - General/]: Unknown sound in sound rate config: irons_spellbooks:music.fire_boss.backtrack
[22Sep2026 20:39:25.108] [Worker-ResourceReload-7/INFO] [Sound Physics - General/]: Unknown sound in sound rate config: irons_spellbooks:music.fire_boss.bells_a
[22Sep2026 20:39:25.108] [Worker-ResourceReload-7/INFO] [Sound Physics - General/]: Unknown sound in sound rate config: irons_spellbooks:music.fire_boss.bells_b
[22Sep2026 20:39:25.108] [Worker-ResourceReload-7/INFO] [Sound Physics - General/]: Unknown sound in sound rate config: irons_spellbooks:music.fire_boss.drums
[22Sep2026 20:39:25.108] [Worker-ResourceReload-7/INFO] [Sound Physics - General/]: Unknown sound in sound rate config: irons_spellbooks:music.fire_boss.melody_a
[22Sep2026 20:39:25.108] [Worker-ResourceReload-7/INFO] [Sound Physics - General/]: Unknown sound in sound rate config: irons_spellbooks:music.fire_boss.melody_b
[22Sep2026 20:39:25.108] [Worker-ResourceReload-7/INFO] [Sound Physics - General/]: Unknown sound in sound rate config: irons_spellbooks:music.flame_still_burns
[22Sep2026 20:39:25.109] [Worker-ResourceReload-7/INFO] [Sound Physics - General/]: Unknown sound in sound rate config: irons_spellbooks:music.whispers_of_ice
[22Sep2026 20:39:25.109] [Worker-ResourceReload-7/INFO] [Sound Physics - General/]: Unknown sound in sound rate config: ragdoll_reactions:punch
[22Sep2026 20:39:25.109] [Worker-ResourceReload-7/INFO] [Sound Physics - General/]: Unknown sound in sound rate config: irons_spellbooks:spell.acid_orb.cast
[22Sep2026 20:39:25.109] [Worker-ResourceReload-7/INFO] [Sound Physics - General/]: Unknown sound in sound rate config: irons_spellbooks:spell.acid_orb.charge
[22Sep2026 20:39:25.109] [Worker-ResourceReload-7/INFO] [Sound Physics - General/]: Unknown sound in sound rate config: irons_spellbooks:spell.arcane_shackle.charge
[22Sep2026 20:39:25.109] [Worker-ResourceReload-7/INFO] [Sound Physics - General/]: Unknown sound in sound rate config: irons_spellbooks:spell.arrow_volley.prepare
[22Sep2026 20:39:25.109] [Worker-ResourceReload-7/INFO] [Sound Physics - General/]: Unknown sound in sound rate config: irons_spellbooks:spell.black_hole.cast
[22Sep2026 20:39:25.109] [Worker-ResourceReload-7/INFO] [Sound Physics - General/]: Unknown sound in sound rate config: irons_spellbooks:spell.black_hole.charge
[22Sep2026 20:39:25.109] [Worker-ResourceReload-7/INFO] [Sound Physics - General/]: Unknown sound in sound rate config: irons_spellbooks:spell.blight.begin
[22Sep2026 20:39:25.109] [Worker-ResourceReload-7/INFO] [Sound Physics - General/]: Unknown sound in sound rate config: irons_spellbooks:spell.cleanse.cast
[22Sep2026 20:39:25.109] [Worker-ResourceReload-7/INFO] [Sound Physics - General/]: Unknown sound in sound rate config: irons_spellbooks:spell.divine_smite.cast
[22Sep2026 20:39:25.109] [Worker-ResourceReload-7/INFO] [Sound Physics - General/]: Unknown sound in sound rate config: irons_spellbooks:spell.divine_smite.windup
[22Sep2026 20:39:25.109] [Worker-ResourceReload-7/INFO] [Sound Physics - General/]: Unknown sound in sound rate config: irons_spellbooks:spell.earthquake.cast
[22Sep2026 20:39:25.109] [Worker-ResourceReload-7/INFO] [Sound Physics - General/]: Unknown sound in sound rate config: irons_spellbooks:spell.echoing_strikes.cast
[22Sep2026 20:39:25.109] [Worker-ResourceReload-7/INFO] [Sound Physics - General/]: Unknown sound in sound rate config: irons_spellbooks:spell.eldritch_blast.cast
[22Sep2026 20:39:25.109] [Worker-ResourceReload-7/INFO] [Sound Physics - General/]: Unknown sound in sound rate config: irons_spellbooks:spell.fire_arrow.cast
[22Sep2026 20:39:25.109] [Worker-ResourceReload-7/INFO] [Sound Physics - General/]: Unknown sound in sound rate config: irons_spellbooks:spell.fire_arrow.charge
[22Sep2026 20:39:25.109] [Worker-ResourceReload-7/INFO] [Sound Physics - General/]: Unknown sound in sound rate config: irons_spellbooks:spell.fire_bomb.cast
[22Sep2026 20:39:25.109] [Worker-ResourceReload-7/INFO] [Sound Physics - General/]: Unknown sound in sound rate config: irons_spellbooks:spell.fire_bomb.charge
[22Sep2026 20:39:25.109] [Worker-ResourceReload-7/INFO] [Sound Physics - General/]: Unknown sound in sound rate config: irons_spellbooks:spell.firefly_swarm.prepare
[22Sep2026 20:39:25.109] [Worker-ResourceReload-7/INFO] [Sound Physics - General/]: Unknown sound in sound rate config: irons_spellbooks:spell.flaming_strike.begin
[22Sep2026 20:39:25.109] [Worker-ResourceReload-7/INFO] [Sound Physics - General/]: Unknown sound in sound rate config: irons_spellbooks:spell.flaming_strike.cast
[22Sep2026 20:39:25.109] [Worker-ResourceReload-7/INFO] [Sound Physics - General/]: Unknown sound in sound rate config: irons_spellbooks:spell.frostbite.freeze
[22Sep2026 20:39:25.109] [Worker-ResourceReload-7/INFO] [Sound Physics - General/]: Unknown sound in sound rate config: irons_spellbooks:spell.frostwave.prepare
[22Sep2026 20:39:25.109] [Worker-ResourceReload-7/INFO] [Sound Physics - General/]: Unknown sound in sound rate config: irons_spellbooks:spell.gravity_fissure.charge
[22Sep2026 20:39:25.109] [Worker-ResourceReload-7/INFO] [Sound Physics - General/]: Unknown sound in sound rate config: irons_spellbooks:spell.guiding_bolt.cast
[22Sep2026 20:39:25.109] [Worker-ResourceReload-7/INFO] [Sound Physics - General/]: Unknown sound in sound rate config: irons_spellbooks:spell.gust.cast
[22Sep2026 20:39:25.109] [Worker-ResourceReload-7/INFO] [Sound Physics - General/]: Unknown sound in sound rate config: irons_spellbooks:spell.gust.charge
[22Sep2026 20:39:25.109] [Worker-ResourceReload-7/INFO] [Sound Physics - General/]: Unknown sound in sound rate config: irons_spellbooks:spell.heat_surge.prepare
[22Sep2026 20:39:25.109] [Worker-ResourceReload-7/INFO] [Sound Physics - General/]: Unknown sound in sound rate config: irons_spellbooks:spell.oakskin.cast
[22Sep2026 20:39:25.109] [Worker-ResourceReload-7/INFO] [Sound Physics - General/]: Unknown sound in sound rate config: irons_spellbooks:spell.planar_sight.cast
[22Sep2026 20:39:25.109] [Worker-ResourceReload-7/INFO] [Sound Physics - General/]: Unknown sound in sound rate config: irons_spellbooks:spell.pocket_dimension.travel
[22Sep2026 20:39:25.109] [Worker-ResourceReload-7/INFO] [Sound Physics - General/]: Unknown sound in sound rate config: irons_spellbooks:spell.poison_arrow.cast
[22Sep2026 20:39:25.109] [Worker-ResourceReload-7/INFO] [Sound Physics - General/]: Unknown sound in sound rate config: irons_spellbooks:spell.poison_arrow.charge
[22Sep2026 20:39:25.109] [Worker-ResourceReload-7/INFO] [Sound Physics - General/]: Unknown sound in sound rate config: irons_spellbooks:spell.poison_breath.loop
[22Sep2026 20:39:25.109] [Worker-ResourceReload-7/INFO] [Sound Physics - General/]: Unknown sound in sound rate config: irons_spellbooks:spell.poison_splash.begin
[22Sep2026 20:39:25.109] [Worker-ResourceReload-7/INFO] [Sound Physics - General/]: Unknown sound in sound rate config: irons_spellbooks:spell.raise_hell.prepare
[22Sep2026 20:39:25.109] [Worker-ResourceReload-7/INFO] [Sound Physics - General/]: Unknown sound in sound rate config: irons_spellbooks:spell.ray_of_frost.cast
[22Sep2026 20:39:25.109] [Worker-ResourceReload-7/INFO] [Sound Physics - General/]: Unknown sound in sound rate config: irons_spellbooks:spell.recall.prepare
[22Sep2026 20:39:25.109] [Worker-ResourceReload-7/INFO] [Sound Physics - General/]: Unknown sound in sound rate config: irons_spellbooks:spell.sacrifice.blood_explosion
[22Sep2026 20:39:25.109] [Worker-ResourceReload-7/INFO] [Sound Physics - General/]: Unknown sound in sound rate config: irons_spellbooks:spell.scorch.prepare
[22Sep2026 20:39:25.109] [Worker-ResourceReload-7/INFO] [Sound Physics - General/]: Unknown sound in sound rate config: irons_spellbooks:spell.shadow_slash.cast
[22Sep2026 20:39:25.110] [Worker-ResourceReload-7/INFO] [Sound Physics - General/]: Unknown sound in sound rate config: irons_spellbooks:spell.shockwave.cast
[22Sep2026 20:39:25.110] [Worker-ResourceReload-7/INFO] [Sound Physics - General/]: Unknown sound in sound rate config: irons_spellbooks:spell.shockwave.prepare
[22Sep2026 20:39:25.110] [Worker-ResourceReload-7/INFO] [Sound Physics - General/]: Unknown sound in sound rate config: irons_spellbooks:spell.sonic_boom.cast
[22Sep2026 20:39:25.110] [Worker-ResourceReload-7/INFO] [Sound Physics - General/]: Unknown sound in sound rate config: irons_spellbooks:spell.soulfire_ray.cast
[22Sep2026 20:39:25.110] [Worker-ResourceReload-7/INFO] [Sound Physics - General/]: Unknown sound in sound rate config: irons_spellbooks:spell.soulfire_ray.charge
[22Sep2026 20:39:25.110] [Worker-ResourceReload-7/INFO] [Sound Physics - General/]: Unknown sound in sound rate config: irons_spellbooks:spell.spider_aspect.cast
[22Sep2026 20:39:25.110] [Worker-ResourceReload-7/INFO] [Sound Physics - General/]: Unknown sound in sound rate config: irons_spellbooks:spell.summon_swords.cast
[22Sep2026 20:39:25.110] [Worker-ResourceReload-7/INFO] [Sound Physics - General/]: Unknown sound in sound rate config: irons_spellbooks:spell.summon_swords.charge
[22Sep2026 20:39:25.110] [Worker-ResourceReload-7/INFO] [Sound Physics - General/]: Unknown sound in sound rate config: irons_spellbooks:spell.telekinesis.cast
[22Sep2026 20:39:25.110] [Worker-ResourceReload-7/INFO] [Sound Physics - General/]: Unknown sound in sound rate config: irons_spellbooks:spell.telekinesis.loop
[22Sep2026 20:39:25.110] [Worker-ResourceReload-7/INFO] [Sound Physics - General/]: Unknown sound in sound rate config: irons_spellbooks:spell.thunderstorm.prepare
[22Sep2026 20:39:25.110] [Worker-ResourceReload-7/INFO] [Sound Physics - General/]: Unknown sound in sound rate config: irons_spellbooks:spell.touch_dig.cast
[22Sep2026 20:39:25.110] [Worker-ResourceReload-7/INFO] [Sound Physics - General/]: Unknown sound in sound rate config: irons_spellbooks:ui.learn_eldritch_spell
[22Sep2026 20:39:25.110] [Worker-ResourceReload-7/INFO] [Sound Physics - General/]: Unknown sound in sound rate config: irons_spellbooks:ui.tick
[22Sep2026 20:39:25.123] [NeoForge Version Check/INFO] [net.neoforged.fml.VersionChecker/]: [copycats] Found status: AHEAD Current: 3.0.4+mc.1.21.1-neoforge Target: null
[22Sep2026 20:39:25.124] [NeoForge Version Check/INFO] [net.neoforged.fml.VersionChecker/]: [create] Starting version check at https://api.modrinth.com/updates/create/forge_updates.json?neoforge=only
[22Sep2026 20:39:25.155] [Worker-ResourceReload-7/INFO] [Sound Physics - General/]: Using Cloth Config GUI
[22Sep2026 20:39:25.236] [Worker-ResourceReload-3/ERROR] [net.minecraft.client.resources.model.ModelManager/]: Failed to load model create_radar:models/block/shield_jammer.json
com.google.gson.JsonParseException: JSON data was null or empty
	at TRANSFORMER/minecraft@1.21.1/net.minecraft.util.GsonHelper.fromJson(GsonHelper.java:534) ~[client-1.21.1-20240808.144430-srg.jar%23331!/:?]
	at TRANSFORMER/minecraft@1.21.1/net.minecraft.util.GsonHelper.fromJson(GsonHelper.java:582) ~[client-1.21.1-20240808.144430-srg.jar%23331!/:?]
	at TRANSFORMER/minecraft@1.21.1/net.minecraft.client.renderer.block.model.BlockModel.fromStream(BlockModel.java:83) ~[client-1.21.1-20240808.144430-srg.jar%23331!/:?]
	at TRANSFORMER/minecraft@1.21.1/net.minecraft.client.resources.model.ModelManager.lambda$loadBlockModels$8(ModelManager.java:144) ~[client-1.21.1-20240808.144430-srg.jar%23331!/:?]
	at java.base/java.util.concurrent.CompletableFuture$AsyncSupply.run(CompletableFuture.java:1768) [?:?]
	at java.base/java.util.concurrent.CompletableFuture$AsyncSupply.exec(CompletableFuture.java:1760) [?:?]
	at java.base/java.util.concurrent.ForkJoinTask.doExec(ForkJoinTask.java:387) [?:?]
	at java.base/java.util.concurrent.ForkJoinPool$WorkQueue.topLevelExec(ForkJoinPool.java:1312) [?:?]
	at java.base/java.util.concurrent.ForkJoinPool.scan(ForkJoinPool.java:1843) [?:?]
	at java.base/java.util.concurrent.ForkJoinPool.runWorker(ForkJoinPool.java:1808) [?:?]
	at java.base/java.util.concurrent.ForkJoinWorkerThread.run(ForkJoinWorkerThread.java:188) [?:?]
[22Sep2026 20:39:25.240] [Worker-ResourceReload-1/ERROR] [net.minecraft.client.resources.model.ModelManager/]: Failed to load model create_radar:models/block/sky_radar_mount.json
com.google.gson.JsonParseException: JSON data was null or empty
	at TRANSFORMER/minecraft@1.21.1/net.minecraft.util.GsonHelper.fromJson(GsonHelper.java:534) ~[client-1.21.1-20240808.144430-srg.jar%23331!/:?]
	at TRANSFORMER/minecraft@1.21.1/net.minecraft.util.GsonHelper.fromJson(GsonHelper.java:582) ~[client-1.21.1-20240808.144430-srg.jar%23331!/:?]
	at TRANSFORMER/minecraft@1.21.1/net.minecraft.client.renderer.block.model.BlockModel.fromStream(BlockModel.java:83) ~[client-1.21.1-20240808.144430-srg.jar%23331!/:?]
	at TRANSFORMER/minecraft@1.21.1/net.minecraft.client.resources.model.ModelManager.lambda$loadBlockModels$8(ModelManager.java:144) ~[client-1.21.1-20240808.144430-srg.jar%23331!/:?]
	at java.base/java.util.concurrent.CompletableFuture$AsyncSupply.run(CompletableFuture.java:1768) [?:?]
	at java.base/java.util.concurrent.CompletableFuture$AsyncSupply.exec(CompletableFuture.java:1760) [?:?]
	at java.base/java.util.concurrent.ForkJoinTask.doExec(ForkJoinTask.java:387) [?:?]
	at java.base/java.util.concurrent.ForkJoinPool$WorkQueue.topLevelExec(ForkJoinPool.java:1312) [?:?]
	at java.base/java.util.concurrent.ForkJoinPool.scan(ForkJoinPool.java:1843) [?:?]
	at java.base/java.util.concurrent.ForkJoinPool.runWorker(ForkJoinPool.java:1808) [?:?]
	at java.base/java.util.concurrent.ForkJoinWorkerThread.run(ForkJoinWorkerThread.java:188) [?:?]
[22Sep2026 20:39:25.244] [Worker-ResourceReload-7/ERROR] [net.minecraft.client.resources.model.ModelManager/]: Failed to load model create_radar:models/block/smart_cannon_mount.json
com.google.gson.JsonParseException: JSON data was null or empty
	at TRANSFORMER/minecraft@1.21.1/net.minecraft.util.GsonHelper.fromJson(GsonHelper.java:534) ~[client-1.21.1-20240808.144430-srg.jar%23331!/:?]
	at TRANSFORMER/minecraft@1.21.1/net.minecraft.util.GsonHelper.fromJson(GsonHelper.java:582) ~[client-1.21.1-20240808.144430-srg.jar%23331!/:?]
	at TRANSFORMER/minecraft@1.21.1/net.minecraft.client.renderer.block.model.BlockModel.fromStream(BlockModel.java:83) ~[client-1.21.1-20240808.144430-srg.jar%23331!/:?]
	at TRANSFORMER/minecraft@1.21.1/net.minecraft.client.resources.model.ModelManager.lambda$loadBlockModels$8(ModelManager.java:144) ~[client-1.21.1-20240808.144430-srg.jar%23331!/:?]
	at java.base/java.util.concurrent.CompletableFuture$AsyncSupply.run(CompletableFuture.java:1768) [?:?]
	at java.base/java.util.concurrent.CompletableFuture$AsyncSupply.exec(CompletableFuture.java:1760) [?:?]
	at java.base/java.util.concurrent.ForkJoinTask.doExec(ForkJoinTask.java:387) [?:?]
	at java.base/java.util.concurrent.ForkJoinPool$WorkQueue.topLevelExec(ForkJoinPool.java:1312) [?:?]
	at java.base/java.util.concurrent.ForkJoinPool.scan(ForkJoinPool.java:1843) [?:?]
	at java.base/java.util.concurrent.ForkJoinPool.runWorker(ForkJoinPool.java:1808) [?:?]
	at java.base/java.util.concurrent.ForkJoinWorkerThread.run(ForkJoinWorkerThread.java:188) [?:?]
[22Sep2026 20:39:25.269] [NeoForge Version Check/INFO] [net.neoforged.fml.VersionChecker/]: [create] Found status: OUTDATED Current: 6.0.10 Target: 6.0.10+mc1.21.1
[22Sep2026 20:39:25.269] [NeoForge Version Check/INFO] [net.neoforged.fml.VersionChecker/]: [betterf3] Starting version check at https://api.modrinth.com/updates/betterf3/forge_updates.json
[22Sep2026 20:39:25.277] [Worker-ResourceReload-8/INFO] [com.playsi.aero_cam_sync.AeroCamSync/]: aero_cam_sync Initialized!
[22Sep2026 20:39:25.333] [Worker-ResourceReload-1/ERROR] [net.minecraft.client.resources.model.ModelManager/]: Failed to load model trackwork:models/block/wheels.json
com.google.gson.JsonSyntaxException: Missing axis, expected to find a string
	at TRANSFORMER/minecraft@1.21.1/net.minecraft.util.GsonHelper.getAsString(GsonHelper.java:128) ~[client-1.21.1-20240808.144430-srg.jar%23331!/:?]
	at TRANSFORMER/minecraft@1.21.1/net.minecraft.client.renderer.block.model.BlockElement$Deserializer.getAxis(BlockElement.java:122) ~[client-1.21.1-20240808.144430-srg.jar%23331!/:?]
	at TRANSFORMER/minecraft@1.21.1/net.minecraft.client.renderer.block.model.BlockElement$Deserializer.getRotation(BlockElement.java:103) ~[client-1.21.1-20240808.144430-srg.jar%23331!/:?]
	at TRANSFORMER/minecraft@1.21.1/net.minecraft.client.renderer.block.model.BlockElement$Deserializer.deserialize(BlockElement.java:84) ~[client-1.21.1-20240808.144430-srg.jar%23331!/:?]
	at TRANSFORMER/minecraft@1.21.1/net.minecraft.client.renderer.block.model.BlockElement$Deserializer.deserialize(BlockElement.java:76) ~[client-1.21.1-20240808.144430-srg.jar%23331!/:?]
	at MC-BOOTSTRAP/com.google.gson@2.10.1/com.google.gson.internal.bind.TreeTypeAdapter.read(TreeTypeAdapter.java:76) ~[gson-2.10.1.jar%23123!/:?]
	at MC-BOOTSTRAP/com.google.gson@2.10.1/com.google.gson.Gson.fromJson(Gson.java:1227) ~[gson-2.10.1.jar%23123!/:?]
	at MC-BOOTSTRAP/com.google.gson@2.10.1/com.google.gson.Gson.fromJson(Gson.java:1329) ~[gson-2.10.1.jar%23123!/:?]
	at MC-BOOTSTRAP/com.google.gson@2.10.1/com.google.gson.Gson.fromJson(Gson.java:1300) ~[gson-2.10.1.jar%23123!/:?]
	at MC-BOOTSTRAP/com.google.gson@2.10.1/com.google.gson.internal.bind.TreeTypeAdapter$GsonContextImpl.deserialize(TreeTypeAdapter.java:179) ~[gson-2.10.1.jar%23123!/:?]
	at TRANSFORMER/minecraft@1.21.1/net.minecraft.client.renderer.block.model.BlockModel$Deserializer.getElements(BlockModel.java:409) ~[client-1.21.1-20240808.144430-srg.jar%23331!/:?]
	at TRANSFORMER/minecraft@1.21.1/net.minecraft.client.renderer.block.model.BlockModel$Deserializer.deserialize(BlockModel.java:338) ~[client-1.21.1-20240808.144430-srg.jar%23331!/:?]
	at TRANSFORMER/neoforge@21.1.251/net.neoforged.neoforge.client.model.ExtendedBlockModelDeserializer.deserialize(ExtendedBlockModelDeserializer.java:51) ~[neoforge-21.1.251-universal.jar%23332!/:?]
	at TRANSFORMER/neoforge@21.1.251/net.neoforged.neoforge.client.model.ExtendedBlockModelDeserializer.deserialize(ExtendedBlockModelDeserializer.java:37) ~[neoforge-21.1.251-universal.jar%23332!/:?]
	at MC-BOOTSTRAP/com.google.gson@2.10.1/com.google.gson.internal.bind.TreeTypeAdapter.read(TreeTypeAdapter.java:76) ~[gson-2.10.1.jar%23123!/:?]
	at TRANSFORMER/minecraft@1.21.1/net.minecraft.util.GsonHelper.fromNullableJson(GsonHelper.java:525) ~[client-1.21.1-20240808.144430-srg.jar%23331!/:?]
	at TRANSFORMER/minecraft@1.21.1/net.minecraft.util.GsonHelper.fromJson(GsonHelper.java:532) ~[client-1.21.1-20240808.144430-srg.jar%23331!/:?]
	at TRANSFORMER/minecraft@1.21.1/net.minecraft.util.GsonHelper.fromJson(GsonHelper.java:582) ~[client-1.21.1-20240808.144430-srg.jar%23331!/:?]
	at TRANSFORMER/minecraft@1.21.1/net.minecraft.client.renderer.block.model.BlockModel.fromStream(BlockModel.java:83) ~[client-1.21.1-20240808.144430-srg.jar%23331!/:?]
	at TRANSFORMER/minecraft@1.21.1/net.minecraft.client.resources.model.ModelManager.lambda$loadBlockModels$8(ModelManager.java:144) ~[client-1.21.1-20240808.144430-srg.jar%23331!/:?]
	at java.base/java.util.concurrent.CompletableFuture$AsyncSupply.run(CompletableFuture.java:1768) [?:?]
	at java.base/java.util.concurrent.CompletableFuture$AsyncSupply.exec(CompletableFuture.java:1760) [?:?]
	at java.base/java.util.concurrent.ForkJoinTask.doExec(ForkJoinTask.java:387) [?:?]
	at java.base/java.util.concurrent.ForkJoinPool$WorkQueue.topLevelExec(ForkJoinPool.java:1312) [?:?]
	at java.base/java.util.concurrent.ForkJoinPool.scan(ForkJoinPool.java:1843) [?:?]
	at java.base/java.util.concurrent.ForkJoinPool.runWorker(ForkJoinPool.java:1808) [?:?]
	at java.base/java.util.concurrent.ForkJoinWorkerThread.run(ForkJoinWorkerThread.java:188) [?:?]
[22Sep2026 20:39:25.337] [Render thread/INFO] [sable_player_ragdoll_patch/]: Registered LambDynamicLights ragdoll compatibility
[22Sep2026 20:39:25.449] [Render thread/INFO] [KubeJS/]: Started the local web server at http://localhost:61423
[22Sep2026 20:39:25.451] [Render thread/INFO] [com.sk.swl.SWLMod/]: Hello from SWL Mod!, using version: 0.0.1
[22Sep2026 20:39:25.462] [NeoForge Version Check/INFO] [net.neoforged.fml.VersionChecker/]: [betterf3] Found status: UP_TO_DATE Current: 11.0.3 Target: null
[22Sep2026 20:39:26.094] [Render thread/INFO] [EMF/]: [EMF]: Successful registration of singleton variable:is_scguns_gun_held from mod scguns
[22Sep2026 20:39:26.212] [Render thread/WARN] [mixin/]: Static binding violation: PRIVATE @Overwrite method readChunk in c2me-rewrites-chunk-system.mixins.json:async_serialization.MixinThreadedAnvilChunkStorage from mod c2me_rewrites_chunk_system cannot reduce visibiliy of PUBLIC target method, visibility will be upgraded.
[22Sep2026 20:39:26.894] [Worker-ResourceReload-5/WARN] [net.minecraft.client.resources.model.BlockStateModelLoader/]: Exception loading blockstate definition: 'struts:blockstates/girder_strut_structure.json' missing model for variant: 'struts:girder_strut_structure#waterlogged=false'
[22Sep2026 20:39:26.894] [Worker-ResourceReload-5/WARN] [net.minecraft.client.resources.model.BlockStateModelLoader/]: Exception loading blockstate definition: 'struts:blockstates/girder_strut_structure.json' missing model for variant: 'struts:girder_strut_structure#waterlogged=true'
[22Sep2026 20:39:27.182] [Worker-ResourceReload-5/WARN] [net.minecraft.client.resources.model.BlockStateModelLoader/]: Exception loading blockstate definition: 'dndecor:blockstates/text_plate.json' missing model for variant: 'dndecor:text_plate#extended=true,face=wall,facing=north,waterlogged=false'
[22Sep2026 20:39:27.182] [Worker-ResourceReload-5/WARN] [net.minecraft.client.resources.model.BlockStateModelLoader/]: Exception loading blockstate definition: 'dndecor:blockstates/text_plate.json' missing model for variant: 'dndecor:text_plate#extended=false,face=floor,facing=south,waterlogged=false'
[22Sep2026 20:39:27.182] [Worker-ResourceReload-5/WARN] [net.minecraft.client.resources.model.BlockStateModelLoader/]: Exception loading blockstate definition: 'dndecor:blockstates/text_plate.json' missing model for variant: 'dndecor:text_plate#extended=true,face=floor,facing=south,waterlogged=false'
[22Sep2026 20:39:27.182] [Worker-ResourceReload-5/WARN] [net.minecraft.client.resources.model.BlockStateModelLoader/]: Exception loading blockstate definition: 'dndecor:blockstates/text_plate.json' missing model for variant: 'dndecor:text_plate#extended=false,face=wall,facing=south,waterlogged=true'
[22Sep2026 20:39:27.182] [Worker-ResourceReload-5/WARN] [net.minecraft.client.resources.model.BlockStateModelLoader/]: Exception loading blockstate definition: 'dndecor:blockstates/text_plate.json' missing model for variant: 'dndecor:text_plate#extended=false,face=wall,facing=west,waterlogged=false'
[22Sep2026 20:39:27.182] [Worker-ResourceReload-5/WARN] [net.minecraft.client.resources.model.BlockStateModelLoader/]: Exception loading blockstate definition: 'dndecor:blockstates/text_plate.json' missing model for variant: 'dndecor:text_plate#extended=true,face=wall,facing=west,waterlogged=false'
[22Sep2026 20:39:27.182] [Worker-ResourceReload-5/WARN] [net.minecraft.client.resources.model.BlockStateModelLoader/]: Exception loading blockstate definition: 'dndecor:blockstates/text_plate.json' missing model for variant: 'dndecor:text_plate#extended=false,face=floor,facing=east,waterlogged=false'
[22Sep2026 20:39:27.182] [Worker-ResourceReload-5/WARN] [net.minecraft.client.resources.model.BlockStateModelLoader/]: Exception loading blockstate definition: 'dndecor:blockstates/text_plate.json' missing model for variant: 'dndecor:text_plate#extended=true,face=wall,facing=east,waterlogged=true'
[22Sep2026 20:39:27.182] [Worker-ResourceReload-5/WARN] [net.minecraft.client.resources.model.BlockStateModelLoader/]: Exception loading blockstate definition: 'dndecor:blockstates/text_plate.json' missing model for variant: 'dndecor:text_plate#extended=true,face=wall,facing=east,waterlogged=false'
[22Sep2026 20:39:27.182] [Worker-ResourceReload-5/WARN] [net.minecraft.client.resources.model.BlockStateModelLoader/]: Exception loading blockstate definition: 'dndecor:blockstates/text_plate.json' missing model for variant: 'dndecor:text_plate#extended=true,face=ceiling,facing=east,waterlogged=false'
[22Sep2026 20:39:27.182] [Worker-ResourceReload-5/WARN] [net.minecraft.client.resources.model.BlockStateModelLoader/]: Exception loading blockstate definition: 'dndecor:blockstates/text_plate.json' missing model for variant: 'dndecor:text_plate#extended=true,face=wall,facing=north,waterlogged=true'
[22Sep2026 20:39:27.182] [Worker-ResourceReload-5/WARN] [net.minecraft.client.resources.model.BlockStateModelLoader/]: Exception loading blockstate definition: 'dndecor:blockstates/text_plate.json' missing model for variant: 'dndecor:text_plate#extended=true,face=floor,facing=east,waterlogged=false'
[22Sep2026 20:39:27.182] [Worker-ResourceReload-5/WARN] [net.minecraft.client.resources.model.BlockStateModelLoader/]: Exception loading blockstate definition: 'dndecor:blockstates/text_plate.json' missing model for variant: 'dndecor:text_plate#extended=true,face=floor,facing=west,waterlogged=false'
[22Sep2026 20:39:27.182] [Worker-ResourceReload-5/WARN] [net.minecraft.client.resources.model.BlockStateModelLoader/]: Exception loading blockstate definition: 'dndecor:blockstates/text_plate.json' missing model for variant: 'dndecor:text_plate#extended=false,face=floor,facing=north,waterlogged=true'
[22Sep2026 20:39:27.182] [Worker-ResourceReload-5/WARN] [net.minecraft.client.resources.model.BlockStateModelLoader/]: Exception loading blockstate definition: 'dndecor:blockstates/text_plate.json' missing model for variant: 'dndecor:text_plate#extended=true,face=wall,facing=south,waterlogged=true'
[22Sep2026 20:39:27.182] [Worker-ResourceReload-5/WARN] [net.minecraft.client.resources.model.BlockStateModelLoader/]: Exception loading blockstate definition: 'dndecor:blockstates/text_plate.json' missing model for variant: 'dndecor:text_plate#extended=false,face=wall,facing=north,waterlogged=false'
[22Sep2026 20:39:27.182] [Worker-ResourceReload-5/WARN] [net.minecraft.client.resources.model.BlockStateModelLoader/]: Exception loading blockstate definition: 'dndecor:blockstates/text_plate.json' missing model for variant: 'dndecor:text_plate#extended=true,face=wall,facing=south,waterlogged=false'
[22Sep2026 20:39:27.182] [Worker-ResourceReload-5/WARN] [net.minecraft.client.resources.model.BlockStateModelLoader/]: Exception loading blockstate definition: 'dndecor:blockstates/text_plate.json' missing model for variant: 'dndecor:text_plate#extended=false,face=ceiling,facing=west,waterlogged=false'
[22Sep2026 20:39:27.183] [Worker-ResourceReload-5/WARN] [net.minecraft.client.resources.model.BlockStateModelLoader/]: Exception loading blockstate definition: 'dndecor:blockstates/text_plate.json' missing model for variant: 'dndecor:text_plate#extended=false,face=ceiling,facing=east,waterlogged=false'
[22Sep2026 20:39:27.183] [Worker-ResourceReload-5/WARN] [net.minecraft.client.resources.model.BlockStateModelLoader/]: Exception loading blockstate definition: 'dndecor:blockstates/text_plate.json' missing model for variant: 'dndecor:text_plate#extended=true,face=floor,facing=north,waterlogged=false'
[22Sep2026 20:39:27.183] [Worker-ResourceReload-5/WARN] [net.minecraft.client.resources.model.BlockStateModelLoader/]: Exception loading blockstate definition: 'dndecor:blockstates/text_plate.json' missing model for variant: 'dndecor:text_plate#extended=true,face=ceiling,facing=north,waterlogged=false'
[22Sep2026 20:39:27.183] [Worker-ResourceReload-5/WARN] [net.minecraft.client.resources.model.BlockStateModelLoader/]: Exception loading blockstate definition: 'dndecor:blockstates/text_plate.json' missing model for variant: 'dndecor:text_plate#extended=false,face=floor,facing=east,waterlogged=true'
[22Sep2026 20:39:27.183] [Worker-ResourceReload-5/WARN] [net.minecraft.client.resources.model.BlockStateModelLoader/]: Exception loading blockstate definition: 'dndecor:blockstates/text_plate.json' missing model for variant: 'dndecor:text_plate#extended=true,face=floor,facing=east,waterlogged=true'
[22Sep2026 20:39:27.183] [Worker-ResourceReload-5/WARN] [net.minecraft.client.resources.model.BlockStateModelLoader/]: Exception loading blockstate definition: 'dndecor:blockstates/text_plate.json' missing model for variant: 'dndecor:text_plate#extended=false,face=ceiling,facing=east,waterlogged=true'
[22Sep2026 20:39:27.183] [Worker-ResourceReload-5/WARN] [net.minecraft.client.resources.model.BlockStateModelLoader/]: Exception loading blockstate definition: 'dndecor:blockstates/text_plate.json' missing model for variant: 'dndecor:text_plate#extended=true,face=ceiling,facing=west,waterlogged=false'
[22Sep2026 20:39:27.183] [Worker-ResourceReload-5/WARN] [net.minecraft.client.resources.model.BlockStateModelLoader/]: Exception loading blockstate definition: 'dndecor:blockstates/text_plate.json' missing model for variant: 'dndecor:text_plate#extended=false,face=ceiling,facing=north,waterlogged=false'
[22Sep2026 20:39:27.183] [Worker-ResourceReload-5/WARN] [net.minecraft.client.resources.model.BlockStateModelLoader/]: Exception loading blockstate definition: 'dndecor:blockstates/text_plate.json' missing model for variant: 'dndecor:text_plate#extended=true,face=floor,facing=north,waterlogged=true'
[22Sep2026 20:39:27.183] [Worker-ResourceReload-5/WARN] [net.minecraft.client.resources.model.BlockStateModelLoader/]: Exception loading blockstate definition: 'dndecor:blockstates/text_plate.json' missing model for variant: 'dndecor:text_plate#extended=true,face=ceiling,facing=south,waterlogged=true'
[22Sep2026 20:39:27.183] [Worker-ResourceReload-5/WARN] [net.minecraft.client.resources.model.BlockStateModelLoader/]: Exception loading blockstate definition: 'dndecor:blockstates/text_plate.json' missing model for variant: 'dndecor:text_plate#extended=false,face=wall,facing=west,waterlogged=true'
[22Sep2026 20:39:27.183] [Worker-ResourceReload-5/WARN] [net.minecraft.client.resources.model.BlockStateModelLoader/]: Exception loading blockstate definition: 'dndecor:blockstates/text_plate.json' missing model for variant: 'dndecor:text_plate#extended=false,face=ceiling,facing=south,waterlogged=false'
[22Sep2026 20:39:27.183] [Worker-ResourceReload-5/WARN] [net.minecraft.client.resources.model.BlockStateModelLoader/]: Exception loading blockstate definition: 'dndecor:blockstates/text_plate.json' missing model for variant: 'dndecor:text_plate#extended=false,face=ceiling,facing=west,waterlogged=true'
[22Sep2026 20:39:27.183] [Worker-ResourceReload-5/WARN] [net.minecraft.client.resources.model.BlockStateModelLoader/]: Exception loading blockstate definition: 'dndecor:blockstates/text_plate.json' missing model for variant: 'dndecor:text_plate#extended=false,face=wall,facing=east,waterlogged=false'
[22Sep2026 20:39:27.183] [Worker-ResourceReload-5/WARN] [net.minecraft.client.resources.model.BlockStateModelLoader/]: Exception loading blockstate definition: 'dndecor:blockstates/text_plate.json' missing model for variant: 'dndecor:text_plate#extended=true,face=ceiling,facing=east,waterlogged=true'
[22Sep2026 20:39:27.183] [Worker-ResourceReload-5/WARN] [net.minecraft.client.resources.model.BlockStateModelLoader/]: Exception loading blockstate definition: 'dndecor:blockstates/text_plate.json' missing model for variant: 'dndecor:text_plate#extended=true,face=ceiling,facing=south,waterlogged=false'
[22Sep2026 20:39:27.183] [Worker-ResourceReload-5/WARN] [net.minecraft.client.resources.model.BlockStateModelLoader/]: Exception loading blockstate definition: 'dndecor:blockstates/text_plate.json' missing model for variant: 'dndecor:text_plate#extended=false,face=wall,facing=east,waterlogged=true'
[22Sep2026 20:39:27.183] [Worker-ResourceReload-5/WARN] [net.minecraft.client.resources.model.BlockStateModelLoader/]: Exception loading blockstate definition: 'dndecor:blockstates/text_plate.json' missing model for variant: 'dndecor:text_plate#extended=true,face=ceiling,facing=north,waterlogged=true'
[22Sep2026 20:39:27.183] [Worker-ResourceReload-5/WARN] [net.minecraft.client.resources.model.BlockStateModelLoader/]: Exception loading blockstate definition: 'dndecor:blockstates/text_plate.json' missing model for variant: 'dndecor:text_plate#extended=false,face=wall,facing=south,waterlogged=false'
[22Sep2026 20:39:27.183] [Worker-ResourceReload-5/WARN] [net.minecraft.client.resources.model.BlockStateModelLoader/]: Exception loading blockstate definition: 'dndecor:blockstates/text_plate.json' missing model for variant: 'dndecor:text_plate#extended=true,face=floor,facing=west,waterlogged=true'
[22Sep2026 20:39:27.183] [Worker-ResourceReload-5/WARN] [net.minecraft.client.resources.model.BlockStateModelLoader/]: Exception loading blockstate definition: 'dndecor:blockstates/text_plate.json' missing model for variant: 'dndecor:text_plate#extended=false,face=floor,facing=south,waterlogged=true'
[22Sep2026 20:39:27.183] [Worker-ResourceReload-5/WARN] [net.minecraft.client.resources.model.BlockStateModelLoader/]: Exception loading blockstate definition: 'dndecor:blockstates/text_plate.json' missing model for variant: 'dndecor:text_plate#extended=false,face=floor,facing=west,waterlogged=false'
[22Sep2026 20:39:27.183] [Worker-ResourceReload-5/WARN] [net.minecraft.client.resources.model.BlockStateModelLoader/]: Exception loading blockstate definition: 'dndecor:blockstates/text_plate.json' missing model for variant: 'dndecor:text_plate#extended=false,face=wall,facing=north,waterlogged=true'
[22Sep2026 20:39:27.183] [Worker-ResourceReload-5/WARN] [net.minecraft.client.resources.model.BlockStateModelLoader/]: Exception loading blockstate definition: 'dndecor:blockstates/text_plate.json' missing model for variant: 'dndecor:text_plate#extended=true,face=ceiling,facing=west,waterlogged=true'
[22Sep2026 20:39:27.183] [Worker-ResourceReload-5/WARN] [net.minecraft.client.resources.model.BlockStateModelLoader/]: Exception loading blockstate definition: 'dndecor:blockstates/text_plate.json' missing model for variant: 'dndecor:text_plate#extended=true,face=floor,facing=south,waterlogged=true'
[22Sep2026 20:39:27.183] [Worker-ResourceReload-5/WARN] [net.minecraft.client.resources.model.BlockStateModelLoader/]: Exception loading blockstate definition: 'dndecor:blockstates/text_plate.json' missing model for variant: 'dndecor:text_plate#extended=false,face=floor,facing=west,waterlogged=true'
[22Sep2026 20:39:27.183] [Worker-ResourceReload-5/WARN] [net.minecraft.client.resources.model.BlockStateModelLoader/]: Exception loading blockstate definition: 'dndecor:blockstates/text_plate.json' missing model for variant: 'dndecor:text_plate#extended=false,face=ceiling,facing=south,waterlogged=true'
[22Sep2026 20:39:27.183] [Worker-ResourceReload-5/WARN] [net.minecraft.client.resources.model.BlockStateModelLoader/]: Exception loading blockstate definition: 'dndecor:blockstates/text_plate.json' missing model for variant: 'dndecor:text_plate#extended=true,face=wall,facing=west,waterlogged=true'
[22Sep2026 20:39:27.183] [Worker-ResourceReload-5/WARN] [net.minecraft.client.resources.model.BlockStateModelLoader/]: Exception loading blockstate definition: 'dndecor:blockstates/text_plate.json' missing model for variant: 'dndecor:text_plate#extended=false,face=floor,facing=north,waterlogged=false'
[22Sep2026 20:39:27.183] [Worker-ResourceReload-5/WARN] [net.minecraft.client.resources.model.BlockStateModelLoader/]: Exception loading blockstate definition: 'dndecor:blockstates/text_plate.json' missing model for variant: 'dndecor:text_plate#extended=false,face=ceiling,facing=north,waterlogged=true'
[22Sep2026 20:39:27.918] [Worker-ResourceReload-5/WARN] [net.minecraft.client.resources.model.BlockStateModelLoader/]: Exception loading blockstate definition: 'sable_player_ragdoll:blockstates/ragdoll_seat.json' missing model for variant: 'sable_player_ragdoll:ragdoll_seat#'
[22Sep2026 20:39:28.005] [Worker-ResourceReload-5/WARN] [net.minecraft.client.resources.model.ModelBakery/]: Unable to load model: 'scgunsww1:special/fedorov_avtomat/no_sights' referenced from: scgunsww1:special/fedorov_avtomat/no_sights: java.io.FileNotFoundException: scgunsww1:models/special/fedorov_avtomat/no_sights.json
[22Sep2026 20:39:28.006] [Worker-ResourceReload-5/WARN] [net.minecraft.client.resources.model.ModelBakery/]: Unable to load model: 'scgunsww1:special/combat_winchester_shotgun/sights' referenced from: scgunsww1:special/combat_winchester_shotgun/sights: java.io.FileNotFoundException: scgunsww1:models/special/combat_winchester_shotgun/sights.json
[22Sep2026 20:39:28.007] [Worker-ResourceReload-5/WARN] [net.minecraft.client.resources.model.ModelBakery/]: Unable to load model: 'scgunsww1:special/luger/sights' referenced from: scgunsww1:special/luger/sights: java.io.FileNotFoundException: scgunsww1:models/special/luger/sights.json
[22Sep2026 20:39:28.008] [Worker-ResourceReload-5/WARN] [net.minecraft.client.resources.model.ModelBakery/]: Unable to load model: 'bits_n_bobs:block/chain_pulley/chain_rope_half_magnet' referenced from: bits_n_bobs:block/chain_pulley/chain_rope_half_magnet: java.io.FileNotFoundException: bits_n_bobs:models/block/chain_pulley/chain_rope_half_magnet.json
[22Sep2026 20:39:28.009] [Worker-ResourceReload-5/WARN] [net.minecraft.client.resources.model.ModelBakery/]: Unable to load model: 'scgunsww1:special/luger/no_sights' referenced from: scgunsww1:special/luger/no_sights: java.io.FileNotFoundException: scgunsww1:models/special/luger/no_sights.json
[22Sep2026 20:39:28.018] [Worker-ResourceReload-5/WARN] [net.minecraft.client.resources.model.ModelBakery/]: Unable to load model: 'create:block/belt' referenced from: tracks:block/track_link: java.io.FileNotFoundException: create:models/block/belt.json
[22Sep2026 20:39:28.019] [Worker-ResourceReload-5/WARN] [net.minecraft.client.resources.model.ModelBakery/]: Unable to load model: 'minecraft:block' referenced from: create_submarine:block/steel_cable/connector_steel_knot: java.io.FileNotFoundException: minecraft:models/block.json
[22Sep2026 20:39:28.020] [Worker-ResourceReload-5/WARN] [net.minecraft.client.resources.model.ModelBakery/]: Unable to load model: 'scgunsww1:special/combat_winchester_shotgun/ext_mag' referenced from: scgunsww1:special/combat_winchester_shotgun/ext_mag: java.io.FileNotFoundException: scgunsww1:models/special/combat_winchester_shotgun/ext_mag.json
[22Sep2026 20:39:30.783] [Worker-ResourceReload-5/WARN] [net.minecraft.client.resources.model.ModelManager/]: Missing textures in model create_connected:fan_soul_stripping_catalyst#inventory:
    minecraft:textures/atlas/blocks.png:createnetherindustry:block/soul_stripping_block
[22Sep2026 20:39:30.783] [Worker-ResourceReload-5/WARN] [net.minecraft.client.resources.model.ModelManager/]: Missing textures in model create_connected:fan_enriched_catalyst#:
    minecraft:textures/atlas/blocks.png:createnuclear:block/enriched_soul_soil
    minecraft:textures/atlas/blocks.png:createnuclear:block/enriching/campfire/enriching_flame
[22Sep2026 20:39:30.783] [Worker-ResourceReload-5/WARN] [net.minecraft.client.resources.model.ModelManager/]: Missing textures in model scgunsww1:special/luger/light_stock#standalone:
    minecraft:textures/atlas/blocks.png:scguns:animated/gun/luger
[22Sep2026 20:39:30.783] [Worker-ResourceReload-5/WARN] [net.minecraft.client.resources.model.ModelManager/]: Missing textures in model scguns:special/krauser/light_stock#standalone:
    minecraft:textures/atlas/blocks.png:scguns:item/krauser_stocks
[22Sep2026 20:39:30.783] [Worker-ResourceReload-5/WARN] [net.minecraft.client.resources.model.ModelManager/]: Missing textures in model scguns:special/pyroclastic_flow/main#standalone:
    minecraft:textures/atlas/blocks.png:scguns:animated/gun/pyroclastic_flow
[22Sep2026 20:39:30.783] [Worker-ResourceReload-5/WARN] [net.minecraft.client.resources.model.ModelManager/]: Missing textures in model create_connected:fan_ending_catalyst_dragons_breath#inventory:
    minecraft:textures/atlas/blocks.png:create_dragons_plus:fluid/dragon_breath_flow
[22Sep2026 20:39:30.783] [Worker-ResourceReload-5/WARN] [net.minecraft.client.resources.model.ModelManager/]: Missing textures in model create_connected:fan_glooming_catalyst#:
    minecraft:textures/atlas/blocks.png:twilightforest:block/deadrock
    minecraft:textures/atlas/blocks.png:create_shimmer:block/ominous_campfire_fire
[22Sep2026 20:39:30.783] [Worker-ResourceReload-5/WARN] [net.minecraft.client.resources.model.ModelManager/]: Missing textures in model create_connected:fan_ending_catalyst_dragons_breath#:
    minecraft:textures/atlas/blocks.png:create_dragons_plus:fluid/dragon_breath_flow
[22Sep2026 20:39:30.783] [Worker-ResourceReload-5/WARN] [net.minecraft.client.resources.model.ModelManager/]: Missing textures in model create_connected:fan_transmutation_catalyst#:
    minecraft:textures/atlas/blocks.png:create_shimmer:fluid/shimmer_flow
[22Sep2026 20:39:30.783] [Worker-ResourceReload-5/WARN] [net.minecraft.client.resources.model.ModelManager/]: Missing textures in model create_connected:fan_enriched_catalyst#inventory:
    minecraft:textures/atlas/blocks.png:createnuclear:block/enriched_soul_soil
    minecraft:textures/atlas/blocks.png:createnuclear:block/enriching/campfire/enriching_flame
[22Sep2026 20:39:30.783] [Worker-ResourceReload-5/WARN] [net.minecraft.client.resources.model.ModelManager/]: Missing textures in model scgunsww1:special/obrez_pistol/bolt#standalone:
    minecraft:textures/atlas/blocks.png:scguns:animated/gun/obrez_pistol
[22Sep2026 20:39:30.783] [Worker-ResourceReload-5/WARN] [net.minecraft.client.resources.model.ModelManager/]: Missing textures in model create_connected:fan_glooming_catalyst#inventory:
    minecraft:textures/atlas/blocks.png:twilightforest:block/deadrock
    minecraft:textures/atlas/blocks.png:create_shimmer:block/ominous_campfire_fire
[22Sep2026 20:39:30.783] [Worker-ResourceReload-5/WARN] [net.minecraft.client.resources.model.ModelManager/]: Missing textures in model create_connected:fan_soul_stripping_catalyst#:
    minecraft:textures/atlas/blocks.png:createnetherindustry:block/soul_stripping_block
[22Sep2026 20:39:30.783] [Worker-ResourceReload-5/WARN] [net.minecraft.client.resources.model.ModelManager/]: Missing textures in model create_connected:fan_transmutation_catalyst#inventory:
    minecraft:textures/atlas/blocks.png:create_shimmer:fluid/shimmer_flow
[22Sep2026 20:39:31.120] [Render thread/INFO] [Veil/]: Loaded 2 shader modifications
[22Sep2026 20:39:31.362] [Render thread/INFO] [Veil/]: Loaded 29 shaders from: pinwheel/shaders/program
[22Sep2026 20:39:31.419] [Worker-ResourceReload-4/INFO] [com.mrh0.createaddition.CreateAddition/]: Create Crafts & Additions Initialized!
[22Sep2026 20:39:31.458] [Worker-ResourceReload-9/INFO] [snownee.jade.Jade/]: Start loading plugin from ht.treechop.compat.Jade
[22Sep2026 20:39:31.479] [Worker-ResourceReload-9/INFO] [snownee.jade.Jade/]: Start loading plugin from snownee.jade.addon.vanilla.VanillaPlugin
[22Sep2026 20:39:31.505] [Worker-ResourceReload-9/INFO] [snownee.jade.Jade/]: Start loading plugin from snownee.jade.addon.universal.UniversalPlugin
[22Sep2026 20:39:31.510] [Worker-ResourceReload-9/INFO] [snownee.jade.Jade/]: Start loading plugin from snownee.jade.addon.debug.DebugPlugin
[22Sep2026 20:39:31.512] [Worker-ResourceReload-9/INFO] [snownee.jade.Jade/]: Start loading plugin from snownee.jade.addon.core.CorePlugin
[22Sep2026 20:39:31.516] [Worker-ResourceReload-9/INFO] [snownee.jade.Jade/]: Start loading plugin from snownee.jade.addon.access.AccessibilityPlugin
[22Sep2026 20:39:31.519] [Worker-ResourceReload-9/INFO] [snownee.jade.Jade/]: Start loading plugin from dev.leo.sableplayerragdoll.compat.jade.RagdollJadePlugin
[22Sep2026 20:39:31.531] [Worker-ResourceReload-6/INFO] [com.happysg.radar.CreateRadar/]: Registering Ponder!
[22Sep2026 20:39:31.593] [Worker-ResourceReload-6/INFO] [PonderIndex/]: Registering Ponder Scenes took 174.2 ms
[22Sep2026 20:39:31.600] [Worker-ResourceReload-6/INFO] [PonderIndex/]: Registering Ponder Tags took 6.644 ms
[22Sep2026 20:39:31.632] [Render thread/INFO] [Configured/]: Successfully loaded config provider: com.mrcrayfish.configured.impl.neoforge.NeoForgeConfigProvider
[22Sep2026 20:39:31.632] [Render thread/INFO] [Configured/]: Successfully loaded config provider: com.mrcrayfish.configured.impl.framework.FrameworkConfigProvider
[22Sep2026 20:39:31.633] [Render thread/INFO] [Configured/]: Successfully loaded config provider: com.mrcrayfish.configured.impl.jei.JeiConfigProvider
[22Sep2026 20:39:31.633] [Render thread/INFO] [Configured/]: Creating config GUI factories...
[22Sep2026 20:39:31.638] [Render thread/INFO] [Configured/]: Registering config factory for mod treechop. Found 2 config(s)
[22Sep2026 20:39:31.638] [Render thread/INFO] [Configured/]: Registering config factory for mod sodiumextras. Found 1 config(s)
[22Sep2026 20:39:31.639] [Render thread/INFO] [Configured/]: Registering config factory for mod createburnerfuel. Found 1 config(s)
[22Sep2026 20:39:31.639] [Render thread/INFO] [Configured/]: Registering config factory for mod simulated_addition. Found 1 config(s)
[22Sep2026 20:39:31.639] [Render thread/INFO] [Configured/]: Registering config factory for mod simpleblood. Found 1 config(s)
[22Sep2026 20:39:31.639] [Render thread/INFO] [Configured/]: Registering config factory for mod ritchiesprojectilelib. Found 1 config(s)
[22Sep2026 20:39:31.639] [Render thread/INFO] [Configured/]: Registering config factory for mod createdieselgenerators. Found 3 config(s)
[22Sep2026 20:39:31.639] [Render thread/INFO] [Configured/]: Registering config factory for mod railways. Found 3 config(s)
[22Sep2026 20:39:31.639] [Render thread/INFO] [Configured/]: Registering config factory for mod bits_n_tracks. Found 2 config(s)
[22Sep2026 20:39:31.640] [Render thread/INFO] [Configured/]: Registering config factory for mod cr_aero_structures. Found 1 config(s)
[22Sep2026 20:39:31.640] [Render thread/INFO] [Configured/]: Registering config factory for mod irons_rpg_tweaks. Found 1 config(s)
[22Sep2026 20:39:31.640] [Render thread/INFO] [Configured/]: Registering config factory for mod create_connected. Found 2 config(s)
[22Sep2026 20:39:31.640] [Render thread/INFO] [Configured/]: Registering config factory for mod thick_air. Found 1 config(s)
[22Sep2026 20:39:31.640] [Render thread/INFO] [Configured/]: Registering config factory for mod dndecor. Found 1 config(s)
[22Sep2026 20:39:31.640] [Render thread/INFO] [Configured/]: Registering config factory for mod curios. Found 3 config(s)
[22Sep2026 20:39:31.641] [Render thread/INFO] [Configured/]: Registering config factory for mod naturaltemperature. Found 1 config(s)
[22Sep2026 20:39:31.641] [Render thread/INFO] [Configured/]: Registering config factory for mod vsfluidlink. Found 1 config(s)
[22Sep2026 20:39:31.641] [Render thread/INFO] [Configured/]: Registering config factory for mod scguns. Found 4 config(s)
[22Sep2026 20:39:31.641] [Render thread/INFO] [Configured/]: Registering config factory for mod aeronautics_utility_objects. Found 1 config(s)
[22Sep2026 20:39:31.641] [Render thread/INFO] [Configured/]: Registering config factory for mod createtransmission. Found 1 config(s)
[22Sep2026 20:39:31.641] [Render thread/INFO] [Configured/]: Registering config factory for mod copycats. Found 3 config(s)
[22Sep2026 20:39:31.641] [Render thread/INFO] [Configured/]: Registering config factory for mod createcobblestone. Found 1 config(s)
[22Sep2026 20:39:31.643] [Render thread/INFO] [Configured/]: Registering config factory for mod jei. Found 5 config(s)
[22Sep2026 20:39:31.643] [Render thread/INFO] [Configured/]: Registering config factory for mod paxi. Found 1 config(s)
[22Sep2026 20:39:31.643] [Render thread/INFO] [Configured/]: Registering config factory for mod cbc_equally_opposite. Found 1 config(s)
[22Sep2026 20:39:31.644] [Render thread/INFO] [Configured/]: Registering config factory for mod ldfix. Found 1 config(s)
[22Sep2026 20:39:31.644] [Render thread/INFO] [Configured/]: Registering config factory for mod sable. Found 2 config(s)
[22Sep2026 20:39:31.644] [Render thread/INFO] [Configured/]: Registering config factory for mod flywheel. Found 1 config(s)
[22Sep2026 20:39:31.645] [Render thread/INFO] [Configured/]: Registering config factory for mod backpacked. Found 5 config(s)
[22Sep2026 20:39:31.645] [Render thread/INFO] [Configured/]: Registering config factory for mod tracks. Found 1 config(s)
[22Sep2026 20:39:31.645] [Render thread/INFO] [Configured/]: Registering config factory for mod createaddition. Found 1 config(s)
[22Sep2026 20:39:31.797] [Render thread/INFO] [Railways/]: Registering Railways network payloads...
[22Sep2026 20:39:31.798] [Render thread/INFO] [Railways/]: Railways network payloads registered successfully
[22Sep2026 20:39:31.826] [Render thread/INFO] [Create cobblestone NeoForge/]: Registering packets for Create cobblestone NeoForge
[22Sep2026 20:39:31.951] [Render thread/WARN] [net.minecraft.client.resources.language.ClientLanguage/]: Skipped language file: locometal_armor:lang/en_us.json (com.google.gson.JsonSyntaxException: com.google.gson.stream.MalformedJsonException: Expected name at line 9 column 2 path $.locometal_armor.configuration.section.locometal_armor.common.toml.title)
[22Sep2026 20:39:31.984] [Render thread/WARN] [net.minecraft.client.sounds.SoundEngine/]: Missing sound for event: minecraft:item.goat_horn.play
[22Sep2026 20:39:31.984] [Render thread/WARN] [net.minecraft.client.sounds.SoundEngine/]: Missing sound for event: minecraft:entity.goat.screaming.horn_break
[22Sep2026 20:39:31.985] [Render thread/WARN] [net.minecraft.client.sounds.SoundEngine/]: Missing sound for event: sounds:item.hard_metal.hold
[22Sep2026 20:39:31.985] [Render thread/WARN] [net.minecraft.client.sounds.SoundEngine/]: Missing sound for event: sounds:item.shiny_metal.hold
[22Sep2026 20:39:32.020] [Render thread/INFO] [com.mojang.blaze3d.audio.Library/]: OpenAL initialized on device OpenAL Soft on Динамики (8- G935 Gaming Headset)
[22Sep2026 20:39:32.020] [Render thread/INFO] [Sound Physics - General/]: Initializing Sound Physics
[22Sep2026 20:39:32.020] [Render thread/INFO] [Sound Physics - General/]: EFX Extension recognized
[22Sep2026 20:39:32.020] [Render thread/INFO] [Sound Physics - General/]: Max auxiliary sends: 4
[22Sep2026 20:39:32.024] [Render thread/INFO] [Sound Physics - General/]: Aux slot 1 created
[22Sep2026 20:39:32.024] [Render thread/INFO] [Sound Physics - General/]: Aux slot 2 created
[22Sep2026 20:39:32.024] [Render thread/INFO] [Sound Physics - General/]: Aux slot 3 created
[22Sep2026 20:39:32.024] [Render thread/INFO] [Sound Physics - General/]: Aux slot 4 created
[22Sep2026 20:39:32.027] [Render thread/INFO] [Sound Physics - General/]: EFX ready
[22Sep2026 20:39:32.028] [Render thread/INFO] [net.minecraft.client.sounds.SoundEngine/SOUNDS]: Sound engine started
[22Sep2026 20:39:32.124] [Render thread/INFO] [net.minecraft.client.renderer.texture.TextureAtlas/]: Created: 8192x4096x4 minecraft:textures/atlas/blocks.png-atlas
[22Sep2026 20:39:32.304] [Render thread/INFO] [net.minecraft.client.renderer.texture.TextureAtlas/]: Created: 512x512x4 minecraft:textures/atlas/signs.png-atlas
[22Sep2026 20:39:32.306] [Render thread/INFO] [net.minecraft.client.renderer.texture.TextureAtlas/]: Created: 512x512x4 minecraft:textures/atlas/shield_patterns.png-atlas
[22Sep2026 20:39:32.307] [Render thread/INFO] [net.minecraft.client.renderer.texture.TextureAtlas/]: Created: 512x512x4 minecraft:textures/atlas/banner_patterns.png-atlas
[22Sep2026 20:39:32.309] [Render thread/INFO] [net.minecraft.client.renderer.texture.TextureAtlas/]: Created: 2048x1024x4 minecraft:textures/atlas/armor_trims.png-atlas
[22Sep2026 20:39:32.320] [Render thread/INFO] [net.minecraft.client.renderer.texture.TextureAtlas/]: Created: 256x256x4 minecraft:textures/atlas/chest.png-atlas
[22Sep2026 20:39:32.321] [Render thread/INFO] [net.minecraft.client.renderer.texture.TextureAtlas/]: Created: 128x64x4 minecraft:textures/atlas/decorated_pot.png-atlas
[22Sep2026 20:39:32.323] [Render thread/INFO] [net.minecraft.client.renderer.texture.TextureAtlas/]: Created: 512x256x4 minecraft:textures/atlas/beds.png-atlas
[22Sep2026 20:39:32.324] [Render thread/INFO] [net.minecraft.client.renderer.texture.TextureAtlas/]: Created: 512x512x4 minecraft:textures/atlas/shulker_boxes.png-atlas
[22Sep2026 20:39:32.337] [Render thread/INFO] [com.yyon.grapplinghook.GrappleMod/]: Getting Model Layer Location: minecraft:long_fall_boots#armor
[22Sep2026 20:39:32.557] [Render thread/INFO] [com.yyon.grapplinghook.GrappleMod/]: Getting Model Layer Location: minecraft:long_fall_boots#armor
[22Sep2026 20:39:32.603] [Render thread/INFO] [com.yyon.grapplinghook.GrappleMod/]: Getting Model Layer Location: minecraft:long_fall_boots#armor
[22Sep2026 20:39:32.645] [Render thread/INFO] [com.yyon.grapplinghook.GrappleMod/]: Getting Model Layer Location: minecraft:long_fall_boots#armor
[22Sep2026 20:39:32.655] [Render thread/INFO] [com.yyon.grapplinghook.GrappleMod/]: Getting Model Layer Location: minecraft:long_fall_boots#armor
[22Sep2026 20:39:32.693] [Render thread/INFO] [com.yyon.grapplinghook.GrappleMod/]: Getting Model Layer Location: minecraft:long_fall_boots#armor
[22Sep2026 20:39:32.724] [Render thread/INFO] [com.yyon.grapplinghook.GrappleMod/]: Getting Model Layer Location: minecraft:long_fall_boots#armor
[22Sep2026 20:39:32.727] [Render thread/INFO] [com.yyon.grapplinghook.GrappleMod/]: Getting Model Layer Location: minecraft:long_fall_boots#armor
[22Sep2026 20:39:32.736] [Render thread/INFO] [com.yyon.grapplinghook.GrappleMod/]: Getting Model Layer Location: minecraft:long_fall_boots#armor
[22Sep2026 20:39:32.743] [Render thread/INFO] [com.yyon.grapplinghook.GrappleMod/]: Getting Model Layer Location: minecraft:long_fall_boots#armor
[22Sep2026 20:39:32.778] [Render thread/INFO] [com.yyon.grapplinghook.GrappleMod/]: Getting Model Layer Location: minecraft:long_fall_boots#armor
[22Sep2026 20:39:32.786] [Render thread/INFO] [com.yyon.grapplinghook.GrappleMod/]: Getting Model Layer Location: minecraft:long_fall_boots#armor
[22Sep2026 20:39:32.803] [Render thread/INFO] [com.yyon.grapplinghook.GrappleMod/]: Getting Model Layer Location: minecraft:long_fall_boots#armor
[22Sep2026 20:39:32.815] [Render thread/INFO] [com.yyon.grapplinghook.GrappleMod/]: Getting Model Layer Location: minecraft:long_fall_boots#armor
[22Sep2026 20:39:32.843] [Render thread/INFO] [com.yyon.grapplinghook.GrappleMod/]: Getting Model Layer Location: minecraft:long_fall_boots#armor
[22Sep2026 20:39:32.847] [Render thread/INFO] [com.yyon.grapplinghook.GrappleMod/]: Getting Model Layer Location: minecraft:long_fall_boots#armor
[22Sep2026 20:39:32.857] [Render thread/INFO] [net.minecraft.client.renderer.texture.TextureAtlas/]: Created: 8192x8192x0 minecraft:textures/atlas/particles.png-atlas
[22Sep2026 20:39:33.037] [Render thread/WARN] [net.minecraft.client.particle.ParticleEngine/]: Missing particle sprites: explosionoverhaul:glow/64/glow_e_sheet_1,explosionoverhaul:glow/64/glow_e_sheet_2,explosionoverhaul:glow/64/glow_e_sheet_3,explosionoverhaul:glow/64/glow_e_sheet_4,explosionoverhaul:glow/64/glow_sheet_1,explosionoverhaul:glow/64/glow_sheet_2,explosionoverhaul:glow/64/glow_sheet_3,explosionoverhaul:glow/64/glow_sheet_4,explosionoverhaul:glow/glow_e_sheet_1,explosionoverhaul:glow/glow_e_sheet_2,explosionoverhaul:glow/glow_e_sheet_3,explosionoverhaul:glow/glow_e_sheet_4,explosionoverhaul:glow/glow_sheet_1,explosionoverhaul:glow/glow_sheet_2,explosionoverhaul:glow/glow_sheet_3,explosionoverhaul:glow/glow_sheet_4,explosionoverhaul:glow_2/64/glow_2_e_sheet_1,explosionoverhaul:glow_2/64/glow_2_e_sheet_2,explosionoverhaul:glow_2/64/glow_2_e_sheet_3,explosionoverhaul:glow_2/64/glow_2_e_sheet_4,explosionoverhaul:glow_2/64/glow_2_sheet_1,explosionoverhaul:glow_2/64/glow_2_sheet_2,explosionoverhaul:glow_2/64/glow_2_sheet_3,explosionoverhaul:glow_2/64/glow_2_sheet_4,explosionoverhaul:glow_2/glow_2_e_sheet_1,explosionoverhaul:glow_2/glow_2_e_sheet_2,explosionoverhaul:glow_2/glow_2_e_sheet_3,explosionoverhaul:glow_2/glow_2_e_sheet_4,explosionoverhaul:glow_2/glow_2_sheet_1,explosionoverhaul:glow_2/glow_2_sheet_2,explosionoverhaul:glow_2/glow_2_sheet_3,explosionoverhaul:glow_2/glow_2_sheet_4
[22Sep2026 20:39:33.037] [Render thread/INFO] [net.minecraft.client.renderer.texture.TextureAtlas/]: Created: 512x256x0 minecraft:textures/atlas/paintings.png-atlas
[22Sep2026 20:39:33.039] [Render thread/INFO] [net.minecraft.client.renderer.texture.TextureAtlas/]: Created: 256x128x0 minecraft:textures/atlas/mob_effects.png-atlas
[22Sep2026 20:39:33.041] [Render thread/INFO] [net.minecraft.client.renderer.texture.TextureAtlas/]: Created: 256x256x0 minecraft:textures/atlas/map_decorations.png-atlas
[22Sep2026 20:39:33.042] [Render thread/INFO] [net.minecraft.client.renderer.texture.TextureAtlas/]: Created: 1024x1024x0 minecraft:textures/atlas/gui.png-atlas
[22Sep2026 20:39:33.200] [Render thread/WARN] [net.minecraft.client.renderer.ShaderInstance/]: Shader rendertype_entity_translucent_emissive could not find sampler named Sampler2 in the specified shader program.
[22Sep2026 20:39:33.549] [Render thread/WARN] [net.minecraft.client.renderer.ShaderInstance/]: Shader explosionoverhaul:blur could not find uniform named InSize in the specified shader program.
[22Sep2026 20:39:33.549] [Render thread/WARN] [net.minecraft.client.renderer.ShaderInstance/]: Shader explosionoverhaul:blur could not find uniform named OutSize in the specified shader program.
[22Sep2026 20:39:33.627] [Render thread/INFO] [BetterClouds/]: [BetterClouds] Reloading cloud renderer...
[22Sep2026 20:39:33.709] [Render thread/INFO] [BetterClouds/]: [BetterClouds] Cloud renderer initialized
[22Sep2026 20:39:33.730] [Render thread/INFO] [net.neoforged.neoforge.client.entity.animation.json.AnimationLoader/]: Loaded 0 entity animations
[22Sep2026 20:39:33.730] [Render thread/INFO] [Veil/]: Loaded 3 framebuffers
[22Sep2026 20:39:33.747] [Render thread/INFO] [Veil/]: Loaded 6 post pipelines
[22Sep2026 20:39:33.752] [Render thread/INFO] [Veil/]: Loaded 4 render types
[22Sep2026 20:39:33.752] [Render thread/INFO] [Veil/]: Enabled bloom pipeline
[22Sep2026 20:39:33.753] [Render thread/INFO] [Veil/]: Loaded 0 quasar particles
[22Sep2026 20:39:33.753] [Render thread/INFO] [Veil/]: Loaded 0 templates
[22Sep2026 20:39:33.753] [Render thread/INFO] [Veil/]: Loaded 0 modules
[22Sep2026 20:39:33.762] [Render thread/INFO] [net.minecraft.client.renderer.texture.TextureAtlas/]: Created: 256x256x0 jei:textures/atlas/gui.png-atlas
[22Sep2026 20:39:33.787] [Render thread/INFO] [flywheel/backend/shaders/]: Loaded 81 shader sources in 17.055 ms
[22Sep2026 20:39:33.804] [Render thread/INFO] [com.vinlanx.explosionoverhaul.ExplosionOverhaul/]: Preloading 33 textures from 'explosionoverhaul' to GPU...
[22Sep2026 20:39:34.091] [Render thread/INFO] [com.vinlanx.explosionoverhaul.ExplosionOverhaul/]: Reloading Explosion Texture Manager...
[22Sep2026 20:39:34.092] [Render thread/INFO] [com.vinlanx.explosionoverhaul.ExplosionOverhaul/]: Vanilla mode active - skipping high-res sheet loading to save VRAM.
[22Sep2026 20:39:34.092] [Render thread/INFO] [com.vinlanx.explosionoverhaul.ExplosionOverhaul/]: Finished preloading all textures for the mod.
[22Sep2026 20:39:34.092] [Render thread/INFO] [Veil/]: Compiled 70 vanilla shaders in 509.5 ms
[22Sep2026 20:39:34.101] [Render thread/INFO] [BetterClouds/]: [BetterClouds] betterclouds:noise_presets not loaded yet, waiting for next resource load
[22Sep2026 20:39:34.101] [Render thread/INFO] [BetterClouds/]: [BetterClouds] All preset resources loaded, initializing preset config
[22Sep2026 20:39:34.110] [Render thread/INFO] [com.simibubi.create.Create/]: Loaded 59 train hat configurations.
[22Sep2026 20:39:34.140] [Render thread/INFO] [Entity Texture Features/]: [ETF]: reloading ETF data.
[22Sep2026 20:39:34.143] [Render thread/INFO] [Entity Texture Features/]: [ETF]: emissive suffixes loaded: [_e]
[22Sep2026 20:39:34.148] [Render thread/INFO] [Entity Texture Features/]: [ETF]: emissive suffixes loaded: [_e]
[22Sep2026 20:39:34.411] [Render thread/INFO] [FirstPersonModel/]: Loading PlayerAnimator support!
[22Sep2026 20:39:34.412] [Render thread/INFO] [FirstPersonModel/]: Loaded Vanilla Hands items: [create:handheld_worldshaper, create:extendo_grip, create:potato_cannon]
[22Sep2026 20:39:34.412] [Render thread/INFO] [FirstPersonModel/]: Loaded Auto Disable items: [create:goggles, aeronautics:aviators_goggles]
[22Sep2026 20:39:35.203] [Render thread/WARN] [net.minecraft.client.renderer.ShaderInstance/]: Shader explosionoverhaul:blur could not find uniform named InSize in the specified shader program.
[22Sep2026 20:39:35.203] [Render thread/WARN] [net.minecraft.client.renderer.ShaderInstance/]: Shader explosionoverhaul:blur could not find uniform named OutSize in the specified shader program.
[22Sep2026 20:39:35.553] [Render thread/INFO] [Veil/]: Finished uploading vanilla shaders
[22Sep2026 20:39:36.150] [Render thread/WARN] [ModernFix/]: Game took 45.944 seconds to start
[22Sep2026 20:39:44.019] [Render thread/INFO] [minecraft-cursor/]: [minecraft-cursor] Loading pointer cursor...
[22Sep2026 20:39:44.954] [Render thread/INFO] [com.vinlanx.explosionoverhaul.ExplosionOverhaul/]: Detected TitleScreen on client, hasChecked=true
[22Sep2026 20:39:48.458] [Render thread/INFO] [net.minecraft.client.Minecraft/]: Stopping!
[22Sep2026 20:39:48.458] [Render thread/INFO] [com.yyon.grapplinghook.GrappleMod/]: Using client-provided common config.
[22Sep2026 20:39:48.462] [Render thread/INFO] [Vista/]: Restored 0 cached videos from disk
[22Sep2026 20:39:48.462] [Render thread/INFO] [Vista/]: Media Cache initialized at D:\MINECRAFT\instances\aeronautica 6.0\minecraft\vista_web_content_cache, max size = 512 MB
[22Sep2026 20:39:48.465] [Render thread/INFO] [com.vinlanx.explosionoverhaul.ExplosionOverhaul/]: Player logged out, resetting particle pre-warmer and scan HUDs.
[22Sep2026 20:39:48.467] [CullThread/INFO] [net.minecraft.server.LoggedPrintStream/]: [STDOUT]: Shutting down culling task!
[22Sep2026 20:39:48.495] [Render thread/INFO] [minecraft-cursor/]: [minecraft-cursor] Loading busy cursor...
[22Sep2026 20:39:48.519] [Render thread/INFO] [Entity Texture Features/]: [ETF]: emissive suffixes loaded: [_e]
[22Sep2026 20:39:48.522] [Render thread/INFO] [Entity Texture Features/]: [ETF]: emissive suffixes loaded: [_e]
